i,t,m,M 00-03,F 00-03,M 04-08,F 04-08,M 09-13,F 09-13,M 14-18,F 14-18,M 19-30,F 19-30,M 31-50,F 31-50,M 51+,F 51+,log HSize
0001-001-001,2019-20,Mainland Rural,0,0,0,0,0,0,0,0,0,0,0,0,1,1,0.6931471806
0001-001-003,2019-20,Mainland Rural,0,0,0,0,0,0,0,0,0,0,1,0,0,0,0
0001-001-004,2019-20,Dar Es Salaam,0,0,0,0,0,0,0,0,1,0,0,0,0,0,0
0001-004-001,2019-20,Mainland Rural,1,0,0,0,0,0,0,0,1,1,0,0,0,0,1.098612289
0001-004-002,2019-20,Mainland Other Urban,0,0,0,0,0,0,0,0,0,1,0,0,0,0,0
0003-001-001,2019-20,Mainland Rural,0,0,0,0,0,0,1,1,1,0,1,0,1,1,1.791759469
0004-001-001,2019-20,Mainland Rural,0,0,0,1,1,0,0,0,0,2,1,0,0,0,1.609437912
0005-001-001,2019-20,Mainland Rural,0,0,1,0,2,0,1,0,0,0,1,1,0,0,1.791759469
0007-001-001,2019-20,Mainland Rural,0,1,1,0,0,3,0,0,0,0,1,1,0,0,1.945910149
0009-001-001,2019-20,Mainland Rural,0,0,0,0,0,0,1,0,2,0,0,0,1,1,1.609437912
0010-001-001,2019-20,Mainland Rural,0,0,0,0,0,0,0,0,0,0,0,1,1,0,0.6931471806
0011-001-001,2019-20,Mainland Rural,0,0,0,0,0,0,0,0,1,1,0,0,0,0,0.6931471806
0012-001-001,2019-20,Mainland Rural,1,1,0,1,2,0,0,0,2,1,0,1,1,0,2.302585093
0012-001-010,2019-20,Mainland Rural,0,0,0,0,0,0,0,0,0,1,0,0,0,0,0
0012-003-001,2019-20,Mainland Rural,0,1,0,1,0,0,0,0,1,1,0,0,0,0,1.386294361
0013-001-001,2019-20,Mainland Rural,0,0,0,0,0,0,0,0,0,0,0,0,1,0,0
0015-001-001,2019-20,Mainland Rural,0,0,1,1,0,1,0,1,2,1,1,1,0,0,2.197224577
0016-001-001,2019-20,Mainland Rural,0,0,0,0,0,0,0,0,0,0,0,0,1,0,0
0016-001-002,2019-20,Mainland Rural,1,0,0,0,0,0,2,1,1,0,0,0,0,0,1.609437912
0017-001-001,2019-20,Mainland Rural,1,1,1,0,0,0,0,0,1,1,0,0,0,0,1.609437912
0017-002-001,2019-20,Mainland Other Urban,0,0,1,0,1,0,0,0,0,1,1,0,0,0,1.386294361
0018-001-001,2019-20,Mainland Rural,0,1,0,1,0,1,0,1,0,0,1,1,0,0,1.791759469
0020-001-001,2019-20,Mainland Rural,1,0,1,0,0,2,1,0,0,0,1,1,0,0,1.945910149
0021-001-002,2019-20,Mainland Other Urban,1,1,0,0,0,1,0,0,1,2,0,0,0,0,1.791759469
0023-001-001,2019-20,Mainland Rural,0,1,0,1,0,0,0,0,0,0,1,1,0,0,1.386294361
0024-001-001,2019-20,Mainland Other Urban,0,0,0,0,0,0,2,1,1,1,0,1,1,0,1.945910149
0026-001-001,2019-20,Mainland Rural,0,0,2,0,0,0,0,0,0,1,1,0,0,0,1.386294361
0028-001-001,2019-20,Mainland Other Urban,0,0,0,0,0,1,1,0,0,1,1,1,0,0,1.609437912
0029-001-001,2019-20,Mainland Other Urban,0,1,0,0,1,1,0,0,2,1,1,1,0,0,2.079441542
0030-001-001,2019-20,Mainland Other Urban,0,0,0,0,0,0,0,0,1,1,0,0,0,1,1.098612289
0031-001-001,2019-20,Mainland Other Urban,1,0,1,0,0,1,1,0,1,1,0,1,0,0,1.945910149
0032-001-001,2019-20,Mainland Other Urban,0,0,0,0,0,0,0,0,0,0,0,0,1,0,0
0033-001-001,2019-20,Mainland Other Urban,0,0,0,0,0,0,0,0,0,0,0,0,0,1,0
0034-001-001,2019-20,Dar Es Salaam,0,0,1,1,1,0,0,1,1,0,2,0,1,1,2.197224577
0036-001-001,2019-20,Mainland Other Urban,0,0,0,0,0,0,0,0,1,0,0,1,0,0,0.6931471806
0038-001-001,2019-20,Mainland Other Urban,0,1,1,0,0,0,0,0,1,1,0,0,0,0,1.386294361
0039-001-001,2019-20,Mainland Rural,0,1,0,0,0,0,0,0,0,1,0,0,0,1,1.098612289
0040-001-001,2019-20,Mainland Other Urban,0,0,0,0,1,0,0,0,0,0,0,1,0,0,0.6931471806
0041-001-001,2019-20,Mainland Other Urban,0,0,0,0,0,0,0,0,1,0,0,0,1,0,0.6931471806
0041-004-001,2019-20,Mainland Other Urban,0,1,0,0,0,0,0,0,0,1,0,0,0,0,0.6931471806
0042-001-001,2019-20,Dar Es Salaam,1,0,0,0,0,0,0,0,1,1,0,0,0,0,1.098612289
0042-001-002,2019-20,Mainland Rural,0,0,0,0,0,0,0,0,0,1,0,0,0,0,0
0043-001-001,2019-20,Mainland Rural,0,0,0,1,0,1,0,0,0,0,1,1,0,0,1.386294361
0044-001-001,2019-20,Mainland Other Urban,0,1,1,0,0,0,0,0,1,1,0,0,0,0,1.386294361
0045-001-001,2019-20,Mainland Rural,0,0,1,1,0,0,0,0,0,1,1,0,0,0,1.386294361
0046-001-001,2019-20,Mainland Rural,0,0,0,3,3,0,0,1,2,3,1,1,0,0,2.63905733
0047-001-001,2019-20,Mainland Other Urban,0,0,0,0,2,0,0,1,2,0,0,0,1,1,1.945910149
0048-001-001,2019-20,Mainland Rural,0,0,0,0,0,0,1,0,0,0,0,0,0,1,0.6931471806
0049-001-001,2019-20,Mainland Rural,0,0,0,0,1,0,0,0,0,0,0,0,1,1,1.098612289
0050-001-001,2019-20,Mainland Rural,0,0,0,2,0,0,0,2,0,0,0,1,1,0,1.791759469
0051-001-001,2019-20,Mainland Rural,0,0,0,0,0,1,0,0,0,0,0,0,0,1,0.6931471806
0051-001-002,2019-20,Dar Es Salaam,0,0,0,0,0,0,0,0,1,0,1,0,0,0,0.6931471806
0051-001-003,2019-20,Dar Es Salaam,0,1,0,0,0,0,0,0,1,2,0,0,0,0,1.386294361
0055-001-001,2019-20,Mainland Rural,0,0,0,0,0,0,0,0,0,0,0,0,0,1,0
0055-003-001,2019-20,Mainland Rural,0,0,1,0,0,0,0,0,0,0,0,1,0,0,0.6931471806
0056-001-001,2019-20,Mainland Rural,0,0,0,0,0,2,0,0,0,0,0,0,0,1,1.098612289
0057-001-001,2019-20,Mainland Rural,0,0,0,0,0,0,0,0,0,0,0,0,0,2,0.6931471806
0058-001-001,2019-20,Mainland Rural,1,0,1,0,0,1,0,0,0,0,1,1,0,0,1.609437912
0059-001-001,2019-20,Mainland Rural,0,1,1,0,1,0,0,0,0,0,1,1,0,0,1.609437912
0060-001-001,2019-20,Mainland Rural,0,0,0,0,0,1,1,0,0,0,1,0,0,1,1.386294361
0061-001-001,2019-20,Mainland Other Urban,0,0,0,0,0,0,0,0,0,0,1,0,0,0,0
0062-001-001,2019-20,Mainland Rural,0,0,0,0,0,1,1,1,0,0,0,1,1,0,1.609437912
0062-001-003,2019-20,Mainland Rural,0,1,0,0,0,0,0,0,1,1,0,0,0,0,1.098612289
0062-001-004,2019-20,Mainland Rural,0,0,0,0,0,0,0,0,1,1,0,0,0,0,0.6931471806
0062-001-005,2019-20,Mainland Other Urban,0,0,0,0,0,0,0,0,1,0,0,0,0,0,0
0062-004-001,2019-20,Mainland Rural,0,2,0,0,0,0,0,1,0,1,0,0,0,0,1.386294361
0063-001-003,2019-20,Dar Es Salaam,0,0,0,0,0,0,0,0,1,0,0,0,0,0,0
0065-001-001,2019-20,Mainland Rural,0,0,0,0,0,0,0,0,0,0,0,0,0,1,0
0066-002-001,2019-20,Mainland Other Urban,0,0,0,0,0,0,0,0,0,0,1,0,0,0,0
0066-003-001,2019-20,Mainland Rural,0,0,0,0,2,1,2,0,0,0,0,0,1,1,1.945910149
0066-003-003,2019-20,Mainland Rural,2,0,1,0,0,0,0,0,1,1,0,0,0,0,1.609437912
0066-003-004,2019-20,Mainland Other Urban,0,0,0,0,0,0,0,0,1,0,0,0,0,0,0
0066-003-005,2019-20,Mainland Other Urban,0,0,0,0,0,0,0,0,1,0,0,0,0,0,0
0066-003-006,2019-20,Mainland Other Urban,0,0,0,0,0,0,0,0,0,1,1,0,0,0,0.6931471806
0067-001-001,2019-20,Mainland Rural,0,0,0,0,0,1,0,0,1,0,0,0,1,1,1.386294361
0067-001-002,2019-20,Mainland Rural,0,0,0,0,0,0,0,0,1,0,0,0,0,1,0.6931471806
0067-004-001,2019-20,Mainland Rural,1,0,2,1,0,0,0,0,0,1,1,0,0,1,1.945910149
0069-002-001,2019-20,Mainland Rural,0,2,0,1,0,0,0,0,0,1,0,1,0,0,1.609437912
0071-001-001,2019-20,Mainland Rural,0,0,0,0,0,0,0,0,0,0,0,0,1,1,0.6931471806
0071-001-003,2019-20,Mainland Other Urban,0,0,0,0,0,0,0,0,1,0,0,0,0,0,0
0072-001-001,2019-20,Mainland Other Urban,0,0,0,0,1,1,0,0,0,0,0,0,1,1,1.386294361
0072-003-001,2019-20,Mainland Other Urban,1,0,1,0,0,0,0,0,1,1,0,0,0,0,1.386294361
0073-001-001,2019-20,Mainland Rural,0,1,1,0,1,1,0,0,0,1,1,0,0,0,1.791759469
0073-001-002,2019-20,Mainland Rural,0,1,0,0,0,0,0,0,0,0,0,1,0,0,0.6931471806
0074-001-001,2019-20,Mainland Rural,0,0,1,0,1,1,0,2,1,0,0,1,1,0,2.079441542
0075-001-003,2019-20,Mainland Rural,0,0,0,0,0,0,0,0,1,0,0,0,0,0,0
0077-001-001,2019-20,Mainland Rural,0,0,0,0,0,0,0,0,0,0,0,0,0,2,0.6931471806
0077-003-001,2019-20,Mainland Rural,0,0,0,0,1,0,2,1,1,0,0,1,1,0,1.945910149
0078-001-001,2019-20,Mainland Rural,2,0,1,1,1,0,2,1,2,1,0,1,1,2,2.708050201
0079-001-001,2019-20,Mainland Rural,1,0,0,1,1,0,0,0,0,1,1,0,0,0,1.609437912
0080-001-001,2019-20,Mainland Rural,0,1,1,0,0,1,2,0,0,0,1,1,0,0,1.945910149
0081-001-001,2019-20,Mainland Rural,0,0,0,0,0,1,1,1,2,0,0,0,1,1,1.945910149
0081-004-001,2019-20,Mainland Rural,1,0,0,1,0,0,0,0,1,1,0,0,0,0,1.386294361
0082-001-001,2019-20,Mainland Rural,0,0,0,0,2,0,0,0,1,0,0,0,1,1,1.609437912
0082-003-001,2019-20,Mainland Other Urban,0,0,1,0,0,0,1,0,1,0,0,0,1,1,1.609437912
0082-003-002,2019-20,Dar Es Salaam,1,0,0,0,0,0,0,0,1,0,0,1,0,0,1.098612289
0082-004-001,2019-20,Mainland Other Urban,1,0,2,1,0,1,0,0,0,2,1,1,0,0,2.197224577
0082-005-001,2019-20,Dar Es Salaam,0,1,0,0,0,0,0,0,0,1,1,0,0,0,1.098612289
0083-001-001,2019-20,Mainland Rural,0,0,1,0,0,0,0,0,3,3,0,0,1,1,2.197224577
0084-001-001,2019-20,Mainland Rural,0,1,1,0,0,1,0,0,0,0,1,1,1,0,1.791759469
0084-002-001,2019-20,Mainland Rural,0,1,0,0,0,0,0,0,2,1,2,0,0,1,1.945910149
0085-001-001,2019-20,Mainland Rural,0,0,0,0,0,0,0,0,0,0,0,0,0,1,0
0085-002-001,2019-20,Mainland Other Urban,0,0,0,1,0,0,0,0,1,1,0,0,0,0,1.098612289
0085-003-001,2019-20,Mainland Other Urban,0,1,0,1,0,0,0,0,0,1,1,0,0,0,1.386294361
0086-001-001,2019-20,Dar Es Salaam,0,0,0,0,1,0,1,1,0,0,0,1,0,0,1.386294361
0087-001-001,2019-20,Mainland Rural,0,1,1,0,0,0,0,0,0,0,1,1,0,0,1.386294361
0087-001-002,2019-20,Mainland Rural,0,0,0,0,0,0,1,0,0,1,0,1,0,1,1.386294361
0088-001-001,2019-20,Mainland Rural,1,0,1,0,1,0,0,1,0,0,0,0,1,1,1.791759469
0089-001-001,2019-20,Mainland Rural,0,0,0,1,0,2,1,0,3,0,0,1,1,1,2.302585093
0089-002-001,2019-20,Mainland Rural,0,1,1,0,0,0,0,0,0,1,1,0,0,0,1.386294361
0089-002-002,2019-20,Mainland Other Urban,1,0,0,0,0,0,0,0,0,1,1,0,0,0,1.098612289
0090-001-001,2019-20,Mainland Rural,0,0,0,0,0,0,0,0,1,0,1,0,1,1,1.386294361
0090-001-005,2019-20,Mainland Other Urban,1,0,0,0,0,0,0,0,0,1,1,0,0,0,1.098612289
0091-001-001,2019-20,Mainland Other Urban,0,0,0,0,0,0,0,0,0,0,1,1,0,0,0.6931471806
0092-001-001,2019-20,Mainland Other Urban,1,0,0,0,0,1,0,1,0,0,1,1,0,0,1.609437912
0093-001-001,2019-20,Dar Es Salaam,0,0,0,0,0,1,0,0,0,2,0,0,1,1,1.609437912
0096-001-001,2019-20,Mainland Other Urban,0,1,0,1,1,0,1,0,0,0,0,1,1,0,1.791759469
0096-002-002,2019-20,Mainland Rural,0,1,1,0,0,0,0,0,0,1,0,1,0,1,1.609437912
0097-001-001,2019-20,Mainland Other Urban,0,0,0,0,0,0,0,0,0,0,0,0,0,2,0.6931471806
0097-001-003,2019-20,Mainland Other Urban,0,1,0,1,1,1,1,1,0,0,1,1,0,0,2.079441542
0098-001-001,2019-20,Dar Es Salaam,0,0,1,0,0,0,0,0,0,1,1,0,0,0,1.098612289
0099-001-001,2019-20,Mainland Rural,0,0,1,0,1,0,0,1,0,0,0,1,1,0,1.609437912
0099-001-004,2019-20,Dar Es Salaam,1,0,0,0,0,0,0,0,1,1,0,0,0,0,1.098612289
0099-001-006,2019-20,Mainland Other Urban,1,0,0,0,0,0,0,0,0,1,1,0,0,0,1.098612289
0099-008-001,2019-20,Mainland Rural,1,0,1,0,0,1,0,0,0,0,1,1,0,0,1.609437912
0100-001-001,2019-20,Mainland Rural,0,0,2,0,0,0,0,0,0,1,1,0,0,0,1.386294361
0101-001-001,2019-20,Mainland Rural,1,0,0,1,1,0,0,0,1,1,0,0,0,1,1.791759469
0101-001-002,2019-20,Dar Es Salaam,0,0,0,0,0,0,0,0,1,0,0,0,0,0,0
0101-002-001,2019-20,Mainland Other Urban,1,0,0,2,0,0,0,0,0,1,1,0,0,0,1.609437912
0101-003-001,2019-20,Mainland Other Urban,0,1,0,1,0,0,0,0,1,1,0,0,0,0,1.386294361
0102-001-001,2019-20,Mainland Other Urban,0,0,1,0,0,1,2,0,0,0,1,1,0,0,1.791759469
0102-001-003,2019-20,Dar Es Salaam,0,1,0,0,1,0,0,1,0,1,1,1,0,0,1.791759469
0103-001-001,2019-20,Mainland Rural,0,0,0,0,0,0,1,0,1,0,0,0,1,1,1.386294361
0104-001-001,2019-20,Mainland Other Urban,0,0,0,0,0,1,3,0,0,1,0,0,1,1,1.945910149
0104-001-006,2019-20,Mainland Other Urban,1,0,0,0,0,0,0,0,1,1,0,0,0,0,1.098612289
0104-008-001,2019-20,Mainland Other Urban,0,0,0,0,0,0,0,0,1,1,0,0,0,0,0.6931471806
0105-001-001,2019-20,Mainland Other Urban,0,0,0,0,0,0,0,0,1,0,0,0,1,1,1.098612289
0105-005-001,2019-20,Mainland Rural,0,0,1,0,1,1,0,0,0,1,1,0,0,0,1.609437912
0106-001-002,2019-20,Mainland Rural,0,0,0,0,0,0,0,0,0,0,0,0,0,1,0
0106-001-003,2019-20,Mainland Other Urban,0,0,0,1,0,1,1,1,1,0,1,1,0,0,1.945910149
0107-001-001,2019-20,Mainland Other Urban,0,0,0,0,0,0,0,0,0,0,0,0,0,1,0
0108-001-001,2019-20,Mainland Rural,0,0,0,0,0,0,0,0,0,0,0,1,1,0,0.6931471806
0108-001-002,2019-20,Mainland Rural,0,1,0,0,2,0,0,0,0,1,0,1,0,0,1.609437912
0109-001-001,2019-20,Mainland Rural,0,0,0,1,0,0,0,0,0,1,0,0,0,1,1.098612289
0110-001-001,2019-20,Mainland Other Urban,0,1,0,0,1,0,0,0,0,2,1,0,0,0,1.609437912
0110-001-002,2019-20,Mainland Other Urban,0,0,0,0,1,0,0,3,0,1,0,1,0,0,1.791759469
0111-001-001,2019-20,Mainland Rural,0,1,1,0,0,0,0,0,0,1,1,0,0,0,1.386294361
0112-001-001,2019-20,Mainland Rural,0,0,0,0,0,0,1,0,0,0,1,1,0,0,1.098612289
0112-001-002,2019-20,Mainland Other Urban,1,0,0,0,0,0,0,0,3,1,0,0,0,0,1.609437912
0113-001-001,2019-20,Mainland Rural,0,0,0,2,0,1,1,0,0,0,1,1,0,0,1.791759469
0113-002-001,2019-20,Mainland Rural,0,0,0,1,0,1,0,0,0,2,0,1,0,1,1.791759469
0114-001-001,2019-20,Mainland Rural,0,0,0,0,0,0,0,0,0,0,0,1,1,0,0.6931471806
0115-001-001,2019-20,Mainland Rural,0,0,1,0,0,0,0,0,0,0,0,0,0,1,0.6931471806
0115-001-002,2019-20,Mainland Rural,0,0,0,0,0,0,0,0,1,0,0,0,0,0,0
0118-001-001,2019-20,Mainland Rural,0,0,1,0,0,0,0,0,0,1,1,0,0,0,1.098612289
0119-001-001,2019-20,Mainland Rural,0,0,0,1,0,1,1,0,3,1,1,0,0,1,2.197224577
0119-001-002,2019-20,Mainland Rural,0,0,0,0,0,0,0,0,0,0,0,1,0,0,0
0120-001-001,2019-20,Mainland Rural,0,0,0,0,0,0,0,1,1,0,0,0,0,1,1.098612289
0121-002-001,2019-20,Mainland Rural,1,1,1,1,1,0,0,0,0,1,1,0,0,0,1.945910149
0121-004-001,2019-20,Mainland Rural,0,1,0,0,0,0,0,0,0,1,1,0,0,0,1.098612289
0122-001-001,2019-20,Mainland Rural,0,0,0,0,0,0,0,0,0,0,0,0,1,0,0
0122-001-002,2019-20,Mainland Rural,0,0,0,0,0,0,0,0,0,0,0,0,1,0,0
0122-001-003,2019-20,Mainland Rural,1,0,0,0,1,0,1,0,2,1,0,1,1,1,2.197224577
0123-001-001,2019-20,Mainland Other Urban,0,0,0,0,0,0,0,0,0,1,0,0,1,1,1.098612289
0124-001-001,2019-20,Mainland Other Urban,1,0,0,0,1,0,0,0,0,1,0,0,0,1,1.386294361
0124-002-001,2019-20,Mainland Other Urban,1,0,0,0,0,0,0,0,0,0,1,1,0,0,1.098612289
0126-001-001,2019-20,Mainland Other Urban,0,1,0,0,0,0,0,1,1,2,0,1,1,2,2.197224577
0126-001-003,2019-20,Mainland Other Urban,1,0,0,0,0,0,0,0,0,0,1,1,0,0,1.098612289
0127-001-001,2019-20,Mainland Other Urban,1,0,1,1,2,0,0,1,2,2,0,1,1,1,2.564949357
0127-003-001,2019-20,Mainland Rural,0,0,0,0,0,0,0,0,0,0,0,1,1,0,0.6931471806
0127-005-001,2019-20,Mainland Other Urban,0,0,0,0,0,0,0,0,1,1,0,0,0,0,0.6931471806
0128-001-001,2019-20,Mainland Other Urban,0,0,1,0,0,0,1,1,0,0,1,1,0,0,1.609437912
0129-001-001,2019-20,Mainland Other Urban,0,1,0,0,0,1,0,1,0,0,1,1,0,0,1.609437912
0129-004-003,2019-20,Mainland Other Urban,0,1,0,1,1,1,0,0,0,1,1,1,0,0,1.945910149
0129-004-004,2019-20,Mainland Other Urban,0,0,0,0,0,0,1,0,0,0,0,0,0,0,0
0130-001-001,2019-20,Mainland Other Urban,0,0,0,0,0,0,0,0,0,0,1,0,0,0,0
0131-001-002,2019-20,Mainland Rural,0,1,0,0,1,0,1,0,0,2,1,1,0,0,1.945910149
0133-001-001,2019-20,Mainland Other Urban,0,0,0,0,0,0,0,0,0,0,0,0,1,0,0
0134-001-001,2019-20,Mainland Rural,0,0,0,0,1,0,0,0,1,0,0,0,1,1,1.386294361
0134-006-001,2019-20,Dar Es Salaam,0,0,1,0,0,0,0,0,1,1,0,0,0,0,1.098612289
0136-001-001,2019-20,Mainland Rural,0,0,0,0,0,0,0,0,0,0,0,0,1,1,0.6931471806
0137-001-001,2019-20,Mainland Rural,1,0,0,0,0,0,0,0,0,1,0,0,1,1,1.386294361
0137-003-001,2019-20,Mainland Rural,1,0,3,0,1,0,0,1,2,0,1,1,0,0,2.302585093
0138-002-001,2019-20,Mainland Rural,0,0,0,0,0,0,0,0,0,0,1,0,0,0,0
0139-001-001,2019-20,Mainland Rural,1,0,0,0,0,0,0,1,0,0,0,0,1,1,1.386294361
0140-002-001,2019-20,Mainland Rural,1,0,1,0,0,0,0,0,1,1,0,0,0,0,1.386294361
0142-001-001,2019-20,Mainland Rural,0,0,0,0,0,0,0,0,0,0,0,0,0,1,0
0142-002-001,2019-20,Mainland Rural,0,0,0,0,0,0,0,0,1,0,0,0,0,0,0
0142-002-002,2019-20,Mainland Rural,0,1,0,0,0,0,0,0,1,1,0,0,0,0,1.098612289
0142-006-001,2019-20,Mainland Rural,0,0,0,0,0,0,0,0,1,0,0,0,0,0,0
0142-006-002,2019-20,Mainland Rural,1,1,0,0,0,0,0,0,0,1,0,0,0,0,1.098612289
0143-001-001,2019-20,Mainland Rural,0,0,1,0,0,1,1,0,1,0,0,1,0,1,1.791759469
0144-001-001,2019-20,Mainland Other Urban,1,0,0,1,2,0,1,0,1,2,0,0,0,1,2.197224577
0145-002-001,2019-20,Mainland Rural,0,0,0,0,0,1,0,0,0,1,0,0,0,0,0.6931471806
0146-001-001,2019-20,Mainland Other Urban,0,2,0,1,1,0,1,1,3,1,0,2,1,0,2.564949357
0146-001-003,2019-20,Mainland Other Urban,0,0,0,0,0,0,0,0,1,0,0,0,0,0,0
0146-001-007,2019-20,Mainland Other Urban,1,0,0,0,0,0,0,0,0,1,1,0,1,0,1.386294361
0146-001-009,2019-20,Dar Es Salaam,0,0,0,0,0,0,0,0,1,0,0,0,0,0,0
0147-001-001,2019-20,Mainland Other Urban,0,0,1,0,0,0,0,1,1,1,1,0,0,1,1.791759469
0148-001-001,2019-20,Mainland Rural,0,0,1,0,0,0,0,0,0,1,1,0,0,0,1.098612289
0149-001-002,2019-20,Mainland Other Urban,3,2,2,1,1,1,1,0,1,4,2,1,0,1,2.995732274
0149-001-009,2019-20,Mainland Other Urban,0,0,1,0,0,0,0,0,0,0,1,1,0,0,1.098612289
0151-001-001,2019-20,Mainland Other Urban,0,0,0,0,1,0,0,0,1,0,0,0,1,1,1.386294361
0151-001-003,2019-20,Mainland Other Urban,0,0,0,0,0,0,0,0,1,0,0,0,0,0,0
0152-001-002,2019-20,Dar Es Salaam,0,0,0,0,0,0,0,0,0,0,0,1,0,0,0
0153-001-001,2019-20,Mainland Other Urban,0,1,1,1,1,1,0,0,0,1,1,0,0,0,1.945910149
0154-001-001,2019-20,Mainland Rural,0,0,0,2,1,0,0,0,0,0,0,1,1,0,1.609437912
0155-001-001,2019-20,Mainland Other Urban,0,0,1,0,0,1,0,1,0,0,0,1,0,0,1.386294361
0155-001-002,2019-20,Mainland Other Urban,0,0,0,0,0,0,0,0,1,0,0,0,0,0,0
0155-001-003,2019-20,Mainland Rural,0,1,0,0,0,0,0,0,0,0,0,1,0,0,0.6931471806
0155-001-005,2019-20,Mainland Other Urban,0,0,0,0,0,0,0,0,0,0,1,0,0,0,0
0157-001-001,2019-20,Mainland Other Urban,0,1,1,0,0,0,0,0,1,1,0,0,0,0,1.386294361
0158-001-001,2019-20,Mainland Other Urban,0,0,0,0,0,0,0,0,0,0,1,0,0,0,0
0158-001-003,2019-20,Mainland Other Urban,0,1,0,0,0,0,0,0,1,1,0,0,0,0,1.098612289
0159-001-002,2019-20,Mainland Other Urban,0,0,0,0,0,0,0,2,4,0,0,0,0,1,1.945910149
0159-001-003,2019-20,Mainland Other Urban,1,0,0,0,0,0,0,0,0,0,1,1,0,0,1.098612289
0160-001-001,2019-20,Mainland Other Urban,0,0,0,0,0,0,0,0,0,0,0,1,0,0,0
0160-002-001,2019-20,Mainland Other Urban,1,0,0,0,0,1,1,0,1,1,0,0,0,0,1.609437912
0161-001-001,2019-20,Mainland Other Urban,0,0,0,0,0,0,0,0,1,0,0,1,0,1,1.098612289
0162-001-001,2019-20,Mainland Other Urban,0,0,1,0,0,0,0,0,1,1,0,0,0,0,1.098612289
0163-001-001,2019-20,Mainland Other Urban,0,0,0,0,0,0,0,0,1,1,0,0,0,0,0.6931471806
0163-001-002,2019-20,Mainland Rural,0,1,0,0,0,0,0,0,1,1,0,0,0,0,1.098612289
0164-001-001,2019-20,Mainland Other Urban,0,0,0,0,0,0,0,0,0,0,1,0,0,0,0
0166-001-001,2019-20,Mainland Other Urban,0,0,1,0,1,0,0,0,0,0,1,1,0,0,1.386294361
0167-001-001,2019-20,Mainland Other Urban,0,1,0,0,0,0,0,0,1,1,0,0,0,0,1.098612289
0168-002-001,2019-20,Dar Es Salaam,2,0,0,0,1,1,0,0,1,2,1,0,0,1,2.197224577
0168-002-002,2019-20,Dar Es Salaam,0,1,0,0,1,0,0,0,0,0,0,1,1,0,1.386294361
0169-001-001,2019-20,Dar Es Salaam,0,0,0,0,0,0,0,0,0,0,1,0,0,0,0
0170-001-001,2019-20,Dar Es Salaam,0,0,0,0,0,0,1,0,1,1,0,0,0,1,1.386294361
0172-004-001,2019-20,Dar Es Salaam,0,0,0,0,0,0,0,0,1,0,0,0,0,0,0
0173-001-001,2019-20,Dar Es Salaam,0,0,0,1,0,0,1,1,0,2,0,1,1,0,1.945910149
0173-003-001,2019-20,Mainland Rural,0,0,0,0,0,0,0,0,0,0,0,1,0,0,0
0174-002-001,2019-20,Dar Es Salaam,0,0,0,0,0,1,0,0,0,1,0,1,0,1,1.386294361
0174-002-003,2019-20,Mainland Rural,0,0,1,0,1,0,0,0,0,0,0,1,0,0,1.098612289
0175-001-001,2019-20,Dar Es Salaam,0,0,0,0,0,0,0,0,1,0,0,0,1,0,0.6931471806
0175-001-002,2019-20,Dar Es Salaam,0,0,0,1,0,0,1,0,0,0,0,1,0,0,1.098612289
0175-003-001,2019-20,Dar Es Salaam,0,0,0,1,0,1,0,0,0,0,0,1,1,0,1.386294361
0175-007-001,2019-20,Dar Es Salaam,0,1,0,0,0,0,0,0,1,0,0,1,0,0,1.098612289
0175-008-002,2019-20,Dar Es Salaam,1,0,1,0,0,0,0,0,0,1,0,0,0,0,1.098612289
0175-008-003,2019-20,Dar Es Salaam,0,1,0,1,1,0,1,0,0,0,1,1,0,0,1.791759469
0175-014-001,2019-20,Dar Es Salaam,0,0,1,0,0,0,0,0,0,1,1,0,0,0,1.098612289
0175-014-003,2019-20,Dar Es Salaam,0,1,0,0,0,0,0,1,0,0,0,0,1,1,1.386294361
0177-001-001,2019-20,Dar Es Salaam,1,1,0,0,2,0,1,0,0,1,1,1,0,0,2.079441542
0178-001-001,2019-20,Dar Es Salaam,0,0,0,0,0,0,0,0,0,1,1,0,0,0,0.6931471806
0179-001-001,2019-20,Dar Es Salaam,0,0,0,0,0,0,1,0,0,0,0,1,0,0,0.6931471806
0179-001-003,2019-20,Dar Es Salaam,0,1,0,0,0,0,0,0,0,1,1,0,0,0,1.098612289
0180-001-001,2019-20,Dar Es Salaam,0,0,0,0,0,0,0,0,2,1,2,1,0,1,1.945910149
0180-001-007,2019-20,Mainland Rural,1,1,0,0,0,0,2,0,0,1,1,1,0,0,1.945910149
0181-001-001,2019-20,Mainland Rural,0,0,0,0,0,2,0,0,0,0,0,1,0,1,1.386294361
0182-001-001,2019-20,Dar Es Salaam,0,0,1,0,0,0,0,0,0,0,1,1,0,0,1.098612289
0183-002-001,2019-20,Mainland Other Urban,0,0,0,0,0,2,0,0,0,0,0,0,0,1,1.098612289
0183-002-003,2019-20,Mainland Rural,1,0,0,0,0,0,0,0,1,1,0,0,0,0,1.098612289
0184-001-001,2019-20,Dar Es Salaam,0,1,1,0,1,0,0,1,0,0,1,1,0,0,1.791759469
0185-001-002,2019-20,Dar Es Salaam,1,0,0,1,0,0,0,0,0,1,0,0,0,0,1.098612289
0186-001-001,2019-20,Dar Es Salaam,0,0,0,0,0,0,1,0,0,0,0,1,1,0,1.098612289
0186-001-005,2019-20,Dar Es Salaam,0,0,0,0,0,1,0,1,0,1,0,1,0,0,1.386294361
0186-003-001,2019-20,Dar Es Salaam,1,0,0,0,0,0,0,0,0,0,0,1,0,0,0.6931471806
0186-004-001,2019-20,Dar Es Salaam,0,0,1,0,0,0,0,0,0,1,1,0,0,0,1.098612289
0187-001-001,2019-20,Dar Es Salaam,0,0,0,0,0,0,0,1,1,1,0,1,1,0,1.609437912
0187-001-003,2019-20,Dar Es Salaam,0,0,0,0,0,1,0,0,0,0,0,1,0,0,0.6931471806
0188-001-001,2019-20,Mainland Rural,0,1,0,0,1,0,0,0,0,0,1,1,0,0,1.386294361
0189-001-001,2019-20,Dar Es Salaam,0,0,0,0,0,0,1,1,0,0,1,1,0,0,1.386294361
0191-001-001,2019-20,Dar Es Salaam,0,0,0,0,0,1,1,0,0,0,0,1,1,0,1.386294361
0192-001-002,2019-20,Dar Es Salaam,0,1,0,0,1,0,0,0,0,0,1,2,0,1,1.791759469
0193-001-001,2019-20,Dar Es Salaam,0,0,0,0,0,0,0,1,0,0,0,1,0,0,0.6931471806
0194-001-001,2019-20,Dar Es Salaam,0,0,0,0,0,1,0,0,0,2,0,1,1,0,1.609437912
0194-007-002,2019-20,Dar Es Salaam,0,0,1,0,0,0,0,0,0,0,0,1,0,0,0.6931471806
0195-001-001,2019-20,Dar Es Salaam,0,0,1,0,0,0,0,0,1,1,0,0,1,0,1.386294361
0195-001-003,2019-20,Dar Es Salaam,0,1,0,0,0,0,0,0,0,1,1,0,0,0,1.098612289
0195-006-001,2019-20,Dar Es Salaam,0,0,1,0,0,0,0,0,0,1,1,0,0,0,1.098612289
0196-001-001,2019-20,Dar Es Salaam,0,1,0,0,0,0,0,0,0,1,1,0,0,0,1.098612289
0197-001-001,2019-20,Mainland Rural,0,0,0,0,1,0,0,0,0,0,1,1,0,0,1.098612289
0198-001-001,2019-20,Dar Es Salaam,0,0,1,0,0,2,0,0,0,0,1,1,0,0,1.609437912
0199-001-001,2019-20,Mainland Rural,0,0,0,0,0,1,0,0,0,0,0,1,1,0,1.098612289
0199-001-002,2019-20,Dar Es Salaam,1,0,1,1,0,1,0,1,3,1,1,3,0,0,2.564949357
0199-001-014,2019-20,Mainland Other Urban,0,0,0,0,0,0,0,0,1,0,0,0,0,0,0
0199-008-001,2019-20,Mainland Rural,0,1,0,0,0,0,0,0,1,0,0,1,0,0,1.098612289
0199-008-003,2019-20,Mainland Rural,1,0,0,0,0,0,0,0,1,1,0,0,0,0,1.098612289
0200-001-001,2019-20,Dar Es Salaam,0,0,0,0,0,0,0,0,0,0,1,0,1,1,1.098612289
0201-001-001,2019-20,Dar Es Salaam,0,0,0,0,0,0,0,0,1,1,0,0,0,0,0.6931471806
0202-002-001,2019-20,Dar Es Salaam,2,0,0,0,0,1,0,0,0,0,0,0,0,1,1.386294361
0203-001-001,2019-20,Dar Es Salaam,0,1,0,0,0,0,0,0,0,1,1,0,0,0,1.098612289
0203-001-002,2019-20,Dar Es Salaam,0,0,0,0,0,0,0,0,0,1,0,0,0,0,0
0204-001-001,2019-20,Dar Es Salaam,0,0,0,1,0,2,0,1,2,0,1,1,0,1,2.197224577
0204-001-009,2019-20,Mainland Other Urban,0,0,0,0,0,0,0,0,0,0,1,0,0,0,0
0204-008-001,2019-20,Dar Es Salaam,0,0,1,0,0,0,0,0,1,1,0,0,0,0,1.098612289
0205-001-001,2019-20,Dar Es Salaam,1,0,0,1,0,0,0,0,0,1,1,0,0,0,1.386294361
0208-004-001,2019-20,Mainland Rural,0,0,0,0,0,0,0,0,0,1,1,0,0,0,0.6931471806
0210-001-001,2019-20,Dar Es Salaam,0,0,0,0,0,0,0,0,1,0,0,0,0,0,0
0210-002-002,2019-20,Mainland Other Urban,0,1,0,1,0,0,0,0,0,1,0,0,0,0,1.098612289
0211-001-001,2019-20,Dar Es Salaam,0,0,0,0,0,2,0,0,0,1,1,1,0,0,1.609437912
0211-006-001,2019-20,Dar Es Salaam,1,0,0,0,0,0,0,0,0,1,1,0,0,0,1.098612289
0212-001-001,2019-20,Dar Es Salaam,0,0,0,0,0,0,0,1,0,0,1,1,0,0,1.098612289
0214-001-001,2019-20,Mainland Other Urban,1,0,2,0,0,0,0,0,0,1,1,1,0,0,1.791759469
0215-001-001,2019-20,Mainland Rural,1,0,2,0,0,0,0,0,0,1,1,0,0,0,1.609437912
0216-001-001,2019-20,Dar Es Salaam,0,0,0,1,0,0,0,1,1,0,0,1,1,0,1.609437912
0216-006-001,2019-20,Dar Es Salaam,0,0,0,0,0,0,0,0,0,1,1,0,0,0,0.6931471806
0217-001-001,2019-20,Dar Es Salaam,0,0,0,0,0,0,0,0,1,0,0,0,0,0,0
0217-002-001,2019-20,Mainland Other Urban,0,0,0,1,0,0,2,0,0,0,0,1,1,0,1.609437912
0218-001-001,2019-20,Mainland Other Urban,0,0,0,0,0,0,0,0,0,0,0,0,0,2,0.6931471806
0218-001-002,2019-20,Mainland Rural,0,0,0,0,0,0,0,0,1,0,0,1,0,0,0.6931471806
0218-001-003,2019-20,Dar Es Salaam,0,0,0,1,0,0,0,0,2,1,0,0,0,0,1.386294361
0218-001-005,2019-20,Mainland Rural,1,1,0,0,0,0,0,0,1,0,0,1,0,0,1.386294361
0219-001-001,2019-20,Mainland Other Urban,0,0,0,0,0,2,0,0,0,1,0,1,0,1,1.609437912
0219-005-001,2019-20,Mainland Other Urban,0,1,0,1,0,0,0,0,0,1,1,0,0,0,1.386294361
0220-001-001,2019-20,Dar Es Salaam,0,0,1,0,0,1,1,0,0,0,0,1,1,0,1.609437912
0220-001-003,2019-20,Dar Es Salaam,0,0,0,0,0,0,0,0,0,1,0,0,0,1,0.6931471806
0220-001-006,2019-20,Dar Es Salaam,2,0,0,0,0,0,0,0,0,1,1,0,0,0,1.386294361
0220-001-007,2019-20,Dar Es Salaam,0,1,0,1,0,0,0,1,0,0,0,1,1,0,1.609437912
0220-001-008,2019-20,Dar Es Salaam,0,0,0,0,0,0,0,0,0,0,0,1,0,0,0
0221-001-001,2019-20,Dar Es Salaam,0,0,0,0,1,0,0,0,0,1,1,0,0,0,1.098612289
0222-001-001,2019-20,Dar Es Salaam,0,0,0,0,0,0,0,0,2,2,2,1,0,1,2.079441542
0223-001-001,2019-20,Mainland Rural,0,0,0,0,0,0,0,0,0,0,1,1,0,0,0.6931471806
0224-001-001,2019-20,Mainland Rural,0,0,0,1,0,0,0,0,0,1,0,0,0,0,0.6931471806
0225-001-001,2019-20,Dar Es Salaam,0,0,0,0,0,0,0,0,0,0,0,0,1,1,0.6931471806
0225-001-003,2019-20,Dar Es Salaam,0,0,1,0,1,0,0,1,0,1,1,1,0,0,1.791759469
0226-001-001,2019-20,Dar Es Salaam,0,0,1,0,0,0,0,1,0,1,1,1,0,0,1.609437912
0228-001-003,2019-20,Dar Es Salaam,1,0,0,0,0,0,0,0,1,1,0,0,0,0,1.098612289
0228-001-004,2019-20,Dar Es Salaam,0,0,0,0,0,0,0,0,1,1,0,0,0,0,0.6931471806
0228-001-005,2019-20,Dar Es Salaam,2,0,0,0,1,0,0,0,1,0,0,1,0,0,1.609437912
0228-001-006,2019-20,Dar Es Salaam,0,0,0,0,0,0,0,0,1,0,0,0,0,0,0
0230-001-001,2019-20,Dar Es Salaam,0,0,0,0,1,1,1,0,2,1,1,1,1,0,2.197224577
0231-001-001,2019-20,Dar Es Salaam,0,0,0,1,0,1,0,0,0,0,1,1,0,0,1.386294361
0232-001-001,2019-20,Dar Es Salaam,0,0,1,0,1,0,0,0,0,0,0,0,1,0,1.098612289
0232-001-002,2019-20,Dar Es Salaam,1,0,0,0,0,0,0,0,1,1,0,0,0,0,1.098612289
0233-001-001,2019-20,Dar Es Salaam,0,0,0,0,0,0,0,0,1,1,0,1,1,0,1.386294361
0235-001-002,2019-20,Dar Es Salaam,0,1,0,0,0,0,0,0,1,1,0,0,0,0,1.098612289
0236-005-001,2019-20,Mainland Other Urban,0,1,0,1,0,0,0,0,1,1,0,0,0,0,1.386294361
0238-001-001,2019-20,Dar Es Salaam,0,0,0,0,0,0,0,0,0,0,1,1,0,0,0.6931471806
0239-001-001,2019-20,Dar Es Salaam,0,0,0,1,0,0,0,0,0,2,1,0,0,1,1.609437912
0239-001-004,2019-20,Mainland Rural,0,0,0,0,0,0,0,0,1,0,0,0,0,0,0
0239-106-001,2019-20,Dar Es Salaam,0,1,1,0,0,0,0,0,0,1,1,0,0,0,1.386294361
0240-001-001,2019-20,Dar Es Salaam,1,0,0,0,0,0,0,0,0,1,1,0,0,0,1.098612289
0241-001-001,2019-20,Dar Es Salaam,0,0,1,0,0,1,0,1,0,0,0,1,1,0,1.609437912
0242-001-001,2019-20,Dar Es Salaam,0,0,1,0,1,0,0,1,0,0,1,1,0,0,1.609437912
0243-001-001,2019-20,Mainland Rural,0,0,0,0,0,0,0,1,0,0,0,1,0,0,0.6931471806
0244-001-001,2019-20,Dar Es Salaam,0,2,1,1,0,0,0,1,0,0,1,1,0,0,1.945910149
0247-001-001,2019-20,Dar Es Salaam,0,0,1,0,0,0,0,0,1,1,2,0,1,1,1.945910149
0249-001-001,2019-20,Mainland Rural,1,0,0,0,0,0,0,0,0,0,0,0,1,1,1.098612289
0251-001-001,2019-20,Mainland Other Urban,0,0,1,0,0,0,0,1,0,1,0,0,0,1,1.386294361
0252-001-001,2019-20,Dar Es Salaam,0,1,0,1,0,1,1,0,0,0,1,1,0,0,1.791759469
0253-001-001,2019-20,Dar Es Salaam,0,0,0,0,0,0,0,0,0,0,0,0,1,1,0.6931471806
0254-001-001,2019-20,Dar Es Salaam,0,0,1,0,0,1,0,0,0,0,1,1,0,0,1.386294361
0255-001-001,2019-20,Dar Es Salaam,1,1,0,1,1,1,1,0,0,2,1,1,0,0,2.302585093
0255-001-009,2019-20,Mainland Rural,1,0,0,0,0,0,0,0,0,1,0,0,0,1,1.098612289
0257-001-001,2019-20,Dar Es Salaam,0,0,0,2,1,0,0,1,0,0,1,1,0,0,1.791759469
0259-001-001,2019-20,Dar Es Salaam,0,0,0,0,0,0,0,0,1,0,0,1,1,0,1.098612289
0259-004-001,2019-20,Dar Es Salaam,0,0,0,0,1,0,0,0,0,0,0,1,0,0,0.6931471806
0260-001-001,2019-20,Mainland Rural,0,0,0,0,0,1,1,0,0,0,0,1,0,0,1.098612289
0261-001-001,2019-20,Dar Es Salaam,0,1,0,0,1,1,0,0,0,1,1,0,0,0,1.609437912
0261-001-002,2019-20,Dar Es Salaam,0,0,0,1,0,0,0,0,0,0,0,0,0,1,0.6931471806
0262-001-002,2019-20,Dar Es Salaam,0,0,0,0,0,0,0,0,1,0,1,0,0,1,1.098612289
0263-001-001,2019-20,Dar Es Salaam,0,0,1,1,0,0,1,2,1,1,1,0,0,0,2.079441542
0263-001-004,2019-20,Mainland Rural,0,0,0,1,1,0,0,0,1,1,1,0,0,1,1.791759469
0263-001-006,2019-20,Mainland Rural,0,0,0,1,0,0,0,0,0,1,1,0,0,0,1.098612289
0264-001-001,2019-20,Dar Es Salaam,0,0,0,1,0,0,0,1,0,0,1,1,0,0,1.386294361
0265-001-001,2019-20,Mainland Other Urban,0,0,0,1,0,1,0,0,0,0,1,1,0,0,1.386294361
0266-001-001,2019-20,Mainland Other Urban,0,0,0,0,0,0,0,0,0,0,1,0,1,1,1.098612289
0267-001-001,2019-20,Mainland Rural,0,0,0,0,0,0,1,0,0,0,0,0,1,1,1.098612289
0267-001-003,2019-20,Mainland Rural,0,0,1,0,0,0,0,0,1,0,0,1,0,0,1.098612289
0267-001-005,2019-20,Mainland Rural,0,0,0,0,0,0,0,0,1,1,0,0,0,0,0.6931471806
0267-001-006,2019-20,Dar Es Salaam,0,1,0,0,1,0,0,2,0,1,1,1,0,0,1.945910149
0267-104-001,2019-20,Dar Es Salaam,0,0,1,0,0,0,0,0,1,1,0,0,0,0,1.098612289
0268-001-001,2019-20,Mainland Other Urban,0,0,0,0,0,0,0,0,1,0,0,0,0,0,0
0268-001-002,2019-20,Mainland Rural,1,0,1,1,0,0,0,0,0,0,0,1,0,0,1.386294361
0269-001-001,2019-20,Mainland Rural,1,0,1,0,0,0,0,0,0,1,0,1,0,0,1.386294361
0270-002-001,2019-20,Dar Es Salaam,0,0,0,0,0,1,0,0,1,0,0,2,0,1,1.609437912
0271-002-001,2019-20,Dar Es Salaam,0,1,1,0,0,0,0,0,0,1,1,0,0,0,1.386294361
0272-001-001,2019-20,Dar Es Salaam,0,0,0,1,1,1,0,0,0,0,1,1,0,0,1.609437912
0273-001-001,2019-20,Dar Es Salaam,0,0,0,0,0,0,1,0,1,0,0,0,1,1,1.386294361
0273-005-001,2019-20,Dar Es Salaam,0,1,0,0,0,0,0,0,1,1,0,0,0,0,1.098612289
0274-001-001,2019-20,Dar Es Salaam,0,0,0,0,0,0,0,0,0,0,0,0,0,1,0
0275-001-002,2019-20,Mainland Rural,0,1,2,1,1,0,2,0,0,0,0,1,1,2,2.397895273
0276-001-001,2019-20,Dar Es Salaam,1,0,0,1,0,0,0,0,0,1,1,0,0,0,1.386294361
0277-001-001,2019-20,Dar Es Salaam,0,1,0,0,0,0,0,1,3,1,0,0,1,1,2.079441542
0277-008-001,2019-20,Dar Es Salaam,0,0,0,0,1,0,0,0,0,0,0,1,0,0,0.6931471806
0278-001-001,2019-20,Dar Es Salaam,0,0,1,0,1,0,0,0,0,0,1,0,0,0,1.098612289
0278-001-002,2019-20,Dar Es Salaam,0,0,0,0,0,0,0,0,0,0,0,1,0,0,0
0279-002-001,2019-20,Dar Es Salaam,0,0,0,0,1,0,0,0,0,0,0,0,0,1,0.6931471806
0279-002-002,2019-20,Dar Es Salaam,0,1,0,0,0,0,0,0,1,1,0,0,0,0,1.098612289
0279-003-001,2019-20,Mainland Other Urban,0,0,0,0,0,0,0,0,1,0,0,0,0,0,0
0279-006-001,2019-20,Mainland Rural,0,1,0,0,0,0,0,0,1,0,0,1,0,0,1.098612289
0280-001-001,2019-20,Dar Es Salaam,0,0,0,0,1,0,1,0,1,0,0,0,1,1,1.609437912
0280-001-003,2019-20,Dar Es Salaam,1,0,0,0,0,0,0,0,0,1,1,0,0,0,1.098612289
0280-001-004,2019-20,Dar Es Salaam,0,0,0,0,0,0,0,0,1,1,0,0,0,0,0.6931471806
0283-001-001,2019-20,Dar Es Salaam,0,0,0,0,0,0,0,0,0,0,0,0,1,1,0.6931471806
0283-003-001,2019-20,Dar Es Salaam,1,0,0,0,0,0,0,0,0,1,1,0,0,0,1.098612289
0283-003-002,2019-20,Dar Es Salaam,0,0,1,0,0,0,0,0,0,0,0,1,0,0,0.6931471806
0284-001-001,2019-20,Dar Es Salaam,0,1,0,0,0,0,0,0,1,1,2,0,0,0,1.609437912
0285-001-001,2019-20,Dar Es Salaam,0,1,0,1,0,0,0,0,0,0,0,1,1,0,1.386294361
0287-001-001,2019-20,Dar Es Salaam,2,0,0,0,0,0,0,0,0,0,1,1,0,0,1.386294361
0288-001-001,2019-20,Dar Es Salaam,0,0,0,0,0,0,0,0,1,0,0,1,1,0,1.098612289
0290-001-001,2019-20,Dar Es Salaam,0,0,0,0,0,0,0,0,1,0,1,0,0,0,0.6931471806
0291-001-001,2019-20,Dar Es Salaam,0,0,0,0,0,0,0,0,0,0,0,1,1,0,0.6931471806
0291-001-003,2019-20,Mainland Other Urban,0,0,0,0,0,0,0,0,1,0,0,0,0,0,0
0291-001-005,2019-20,Dar Es Salaam,0,0,0,0,0,0,0,0,0,1,0,0,0,0,0
0292-001-001,2019-20,Mainland Rural,0,0,0,0,0,1,2,0,0,0,0,1,1,0,1.609437912
0294-001-001,2019-20,Dar Es Salaam,0,0,1,0,0,0,0,0,1,1,0,0,0,0,1.098612289
0295-001-001,2019-20,Mainland Rural,0,0,0,0,0,1,0,2,0,0,0,1,1,0,1.609437912
0296-001-002,2019-20,Mainland Rural,0,0,0,0,0,0,0,0,1,0,0,1,0,0,0.6931471806
0298-006-001,2019-20,Dar Es Salaam,0,0,0,0,0,0,0,0,2,2,0,0,0,1,1.609437912
0298-006-004,2019-20,Mainland Other Urban,0,0,0,1,0,0,0,1,1,1,0,0,0,1,1.609437912
0298-006-006,2019-20,Mainland Other Urban,0,1,1,2,0,0,0,1,2,2,0,1,1,0,2.397895273
0298-006-007,2019-20,Mainland Other Urban,0,1,0,0,0,0,0,0,1,1,0,0,0,0,1.098612289
0299-001-001,2019-20,Mainland Rural,0,0,0,0,0,0,0,0,0,1,1,0,0,0,0.6931471806
0300-001-001,2019-20,Mainland Rural,0,1,0,2,1,1,0,0,0,1,0,0,1,1,2.079441542
0300-001-002,2019-20,Mainland Rural,0,0,0,0,0,0,0,0,0,0,0,1,0,1,0.6931471806
0301-001-001,2019-20,Mainland Rural,0,0,0,0,0,0,0,0,1,0,0,1,0,0,0.6931471806
0301-005-001,2019-20,Mainland Rural,0,2,1,0,0,0,0,0,1,1,0,0,0,0,1.609437912
0302-001-001,2019-20,Mainland Rural,0,0,2,0,1,1,0,0,0,1,1,0,0,0,1.791759469
0303-001-001,2019-20,Mainland Rural,0,0,0,0,0,0,0,0,0,0,0,0,1,1,0.6931471806
0304-001-001,2019-20,Mainland Rural,2,0,0,2,0,2,0,2,0,0,0,1,1,0,2.302585093
0305-001-001,2019-20,Dar Es Salaam,0,0,0,1,0,1,0,0,0,1,1,0,0,0,1.386294361
0306-001-001,2019-20,Mainland Rural,0,0,0,0,0,1,0,0,0,0,0,1,1,0,1.098612289
0307-001-001,2019-20,Mainland Rural,0,0,1,0,0,0,0,0,1,1,1,1,0,0,1.609437912
0308-001-001,2019-20,Mainland Rural,1,0,0,0,0,0,0,0,0,0,1,1,0,0,1.098612289
0309-001-001,2019-20,Mainland Rural,0,0,1,0,2,0,0,0,0,0,1,1,0,0,1.609437912
0310-001-001,2019-20,Mainland Rural,0,0,0,0,0,0,0,0,0,0,0,0,1,0,0
0311-002-001,2019-20,Mainland Other Urban,0,0,0,0,1,0,0,0,1,0,1,1,0,0,1.386294361
0312-001-001,2019-20,Mainland Rural,0,0,0,0,1,0,0,1,1,0,0,1,0,0,1.386294361
0312-002-001,2019-20,Mainland Rural,0,0,1,1,0,0,0,0,1,1,0,0,0,0,1.386294361
0313-001-001,2019-20,Mainland Rural,1,0,0,1,0,1,0,0,0,1,1,0,0,0,1.609437912
0314-001-001,2019-20,Mainland Rural,0,0,0,0,0,0,0,1,2,0,0,0,1,1,1.609437912
0314-001-005,2019-20,Mainland Rural,0,0,0,0,0,0,1,1,0,0,1,1,0,0,1.386294361
0315-001-001,2019-20,Mainland Other Urban,0,0,1,0,0,1,1,0,0,0,0,1,1,0,1.609437912
0315-001-003,2019-20,Mainland Other Urban,0,0,0,0,0,0,0,0,1,0,0,0,0,0,0
0315-001-006,2019-20,Mainland Other Urban,1,0,0,0,0,0,0,0,1,1,0,0,0,0,1.098612289
0316-001-001,2019-20,Mainland Other Urban,1,0,0,2,0,0,0,0,0,1,0,0,1,1,1.791759469
0317-002-001,2019-20,Mainland Other Urban,0,0,0,1,0,1,0,0,1,0,0,1,0,0,1.386294361
0318-001-001,2019-20,Mainland Other Urban,1,0,0,0,0,0,0,0,0,1,1,0,0,0,1.098612289
0319-001-001,2019-20,Mainland Other Urban,0,0,0,1,0,0,0,0,0,1,1,0,0,0,1.098612289
0319-002-001,2019-20,Mainland Other Urban,0,0,0,0,0,0,0,0,1,0,0,0,1,1,1.098612289
0320-001-001,2019-20,Mainland Other Urban,0,0,0,0,0,0,0,0,0,0,0,0,0,1,0
0321-001-001,2019-20,Mainland Rural,1,0,0,0,1,0,0,0,0,0,0,1,1,0,1.386294361
0322-001-001,2019-20,Mainland Rural,0,1,1,0,0,0,1,0,0,0,1,1,0,0,1.609437912
0322-006-001,2019-20,Mainland Other Urban,1,0,0,0,0,1,0,0,0,1,1,0,0,0,1.386294361
0323-001-001,2019-20,Mainland Other Urban,0,1,0,0,0,0,0,0,1,1,0,0,0,0,1.098612289
0324-001-001,2019-20,Mainland Other Urban,0,0,0,0,0,0,0,1,0,0,0,0,1,1,1.098612289
0325-002-001,2019-20,Mainland Rural,1,0,1,0,0,0,0,0,0,0,1,1,0,0,1.386294361
0326-001-001,2019-20,Mainland Other Urban,0,0,0,0,0,1,0,1,0,0,1,1,0,0,1.386294361
0327-001-001,2019-20,Mainland Rural,0,0,1,0,0,0,1,0,0,1,1,1,0,0,1.609437912
0328-001-001,2019-20,Mainland Other Urban,0,0,0,0,1,1,0,0,0,0,0,0,0,1,1.098612289
0329-001-001,2019-20,Mainland Other Urban,0,0,0,0,1,0,0,0,0,0,1,1,0,0,1.098612289
0330-001-001,2019-20,Mainland Rural,1,0,0,1,0,0,1,0,0,1,0,0,1,1,1.791759469
0331-001-001,2019-20,Mainland Rural,0,1,0,1,0,0,0,0,0,1,0,1,0,0,1.386294361
0332-004-001,2019-20,Mainland Rural,1,0,0,0,0,0,0,0,1,0,0,1,0,0,1.098612289
0335-001-001,2019-20,Mainland Rural,0,1,1,1,0,0,0,1,0,0,1,1,0,0,1.791759469
0336-001-001,2019-20,Mainland Rural,0,0,0,0,0,0,0,0,0,1,1,0,0,0,0.6931471806
0337-001-001,2019-20,Mainland Other Urban,0,1,0,1,0,0,0,0,0,0,1,1,0,0,1.386294361
0337-003-001,2019-20,Mainland Rural,0,0,0,0,0,0,0,0,1,1,0,0,0,0,0.6931471806
0338-001-001,2019-20,Mainland Rural,0,0,0,0,0,0,0,0,0,0,0,0,0,1,0
0339-001-001,2019-20,Mainland Other Urban,0,0,0,0,0,0,0,0,0,0,0,0,1,0,0
0340-001-001,2019-20,Mainland Rural,0,0,0,1,0,0,0,0,0,1,0,0,0,1,1.098612289
0341-001-001,2019-20,Mainland Rural,0,0,0,0,0,0,0,1,1,0,0,0,0,0,0.6931471806
0342-001-001,2019-20,Mainland Rural,1,1,0,0,0,0,0,1,0,1,0,0,0,1,1.609437912
0342-001-002,2019-20,Mainland Rural,0,0,0,0,0,0,0,0,1,0,0,0,0,0,0
0343-001-001,2019-20,Mainland Other Urban,0,0,0,0,0,0,0,0,0,0,0,0,1,1,0.6931471806
0343-005-001,2019-20,Dar Es Salaam,0,0,1,0,0,1,0,1,0,1,0,0,1,1,1.791759469
0343-005-005,2019-20,Dar Es Salaam,0,0,0,0,0,0,0,0,1,0,0,0,0,0,0
0344-001-001,2019-20,Dar Es Salaam,0,0,0,0,1,0,0,0,0,1,0,0,1,1,1.386294361
0346-001-001,2019-20,Mainland Other Urban,0,0,0,1,0,0,0,0,0,0,1,1,0,0,1.098612289
0347-001-001,2019-20,Mainland Rural,0,0,1,0,0,0,0,0,1,0,1,1,0,0,1.386294361
0348-001-001,2019-20,Mainland Rural,0,0,0,0,1,0,0,1,0,0,0,0,1,1,1.386294361
0348-001-005,2019-20,Mainland Rural,0,1,1,1,0,0,0,0,0,1,1,0,0,0,1.609437912
0349-001-001,2019-20,Mainland Rural,0,0,0,0,0,0,0,0,0,0,0,0,1,0,0
0350-001-001,2019-20,Mainland Other Urban,0,0,0,0,0,0,0,0,0,0,0,0,0,1,0
0351-001-001,2019-20,Mainland Rural,0,0,0,0,0,0,0,0,0,0,1,0,0,0,0
0352-001-001,2019-20,Mainland Rural,0,2,0,0,1,0,0,0,1,1,0,0,0,0,1.609437912
0353-001-001,2019-20,Mainland Rural,0,0,0,0,0,0,0,0,0,0,0,0,0,1,0
0354-001-001,2019-20,Mainland Rural,0,0,1,0,0,0,0,0,0,1,1,0,0,0,1.098612289
0356-001-001,2019-20,Mainland Rural,0,0,0,0,0,0,0,0,0,0,0,0,1,1,0.6931471806
0357-001-001,2019-20,Mainland Rural,1,0,1,0,0,1,1,0,0,1,0,0,1,1,1.945910149
0357-003-001,2019-20,Mainland Rural,0,0,0,0,0,0,0,0,0,0,0,0,1,2,1.098612289
0358-001-001,2019-20,Mainland Rural,0,0,0,1,0,0,0,0,0,0,0,0,0,1,0.6931471806
0359-001-001,2019-20,Mainland Other Urban,0,0,0,0,0,0,0,1,0,0,1,1,0,1,1.386294361
0360-001-001,2019-20,Mainland Other Urban,0,0,1,0,0,0,1,1,0,0,1,1,0,0,1.609437912
0361-001-001,2019-20,Mainland Rural,1,0,0,0,0,2,0,0,0,1,0,0,0,1,1.609437912
0362-001-001,2019-20,Mainland Rural,0,0,0,0,0,0,0,1,0,0,0,0,0,1,0.6931471806
0363-001-001,2019-20,Dar Es Salaam,0,1,0,0,1,1,0,0,1,2,0,0,1,1,2.079441542
0363-003-001,2019-20,Mainland Rural,0,0,0,0,0,0,0,0,0,0,0,0,0,1,0
0364-001-001,2019-20,Mainland Rural,1,0,0,0,1,0,0,1,0,0,0,1,0,1,1.609437912
0366-001-001,2019-20,Mainland Other Urban,0,1,0,0,0,0,0,0,1,1,0,0,0,0,1.098612289
0367-001-001,2019-20,Mainland Other Urban,0,0,0,0,0,0,0,0,0,0,0,0,1,1,0.6931471806
0368-001-001,2019-20,Mainland Other Urban,0,0,0,0,1,1,0,2,3,0,1,1,0,0,2.197224577
0369-001-001,2019-20,Mainland Other Urban,1,0,0,0,0,0,0,1,4,0,1,1,1,1,2.302585093
0369-001-010,2019-20,Mainland Other Urban,0,0,0,0,0,0,0,0,0,1,0,0,0,0,0
0370-001-001,2019-20,Mainland Rural,0,0,0,0,0,0,0,0,0,1,1,0,0,0,0.6931471806
0370-002-001,2019-20,Dar Es Salaam,0,0,1,0,0,0,0,0,0,0,1,1,0,0,1.098612289
0371-001-001,2019-20,Mainland Other Urban,1,0,0,0,0,0,0,0,1,1,0,0,0,0,1.098612289
0372-001-001,2019-20,Dar Es Salaam,0,0,0,0,0,0,0,1,0,1,0,1,0,0,1.098612289
0372-004-001,2019-20,Mainland Other Urban,0,0,0,0,0,0,0,0,1,0,0,0,0,0,0
0372-004-002,2019-20,Mainland Rural,0,0,0,0,0,0,0,0,0,1,0,0,0,0,0
0373-001-001,2019-20,Mainland Other Urban,0,0,0,0,0,1,0,0,0,1,1,1,0,0,1.386294361
0374-001-001,2019-20,Mainland Other Urban,0,0,0,1,0,1,0,0,0,1,1,0,0,0,1.386294361
0375-001-001,2019-20,Mainland Other Urban,0,0,0,0,0,0,0,0,0,1,1,0,0,0,0.6931471806
0375-001-004,2019-20,Dar Es Salaam,0,0,0,0,0,0,0,0,1,0,0,0,0,0,0
0376-001-001,2019-20,Mainland Rural,0,1,0,1,0,0,0,0,0,1,1,0,0,0,1.386294361
0377-001-001,2019-20,Mainland Other Urban,0,0,0,0,1,0,0,0,0,0,0,1,0,0,0.6931471806
0377-001-002,2019-20,Mainland Other Urban,0,1,0,0,0,0,0,0,1,1,0,0,0,0,1.098612289
0378-001-003,2019-20,Mainland Other Urban,0,0,0,0,0,0,0,0,1,0,0,0,0,0,0
0378-003-001,2019-20,Mainland Rural,0,0,0,1,0,1,1,0,1,1,1,1,0,1,2.079441542
0379-001-001,2019-20,Dar Es Salaam,1,0,0,1,0,1,0,0,0,0,1,1,0,0,1.609437912
0380-001-001,2019-20,Dar Es Salaam,1,1,0,1,0,0,0,1,0,2,1,1,0,1,2.197224577
0380-001-004,2019-20,Dar Es Salaam,0,0,0,0,0,0,0,0,1,0,0,0,0,0,0
0381-001-002,2019-20,Mainland Rural,0,0,0,1,1,0,0,0,0,1,0,0,0,0,1.098612289
0381-002-001,2019-20,Dar Es Salaam,0,0,0,1,0,0,0,0,1,1,0,0,0,0,1.098612289
0382-001-001,2019-20,Mainland Other Urban,1,0,0,1,2,0,0,0,0,1,0,0,1,1,1.945910149
0382-001-003,2019-20,Mainland Other Urban,0,0,0,0,0,0,0,0,1,0,0,0,0,0,0
0382-003-001,2019-20,Mainland Other Urban,0,0,0,0,0,0,0,0,1,0,0,0,0,0,0
0383-002-001,2019-20,Mainland Other Urban,1,0,0,0,0,0,0,0,0,2,0,0,0,0,1.098612289
0385-001-001,2019-20,Mainland Other Urban,0,0,1,0,0,0,0,1,0,0,1,1,0,0,1.386294361
0385-001-002,2019-20,Zanzibar,0,0,0,0,0,0,0,0,0,1,0,0,0,0,0
0386-001-001,2019-20,Mainland Rural,0,0,0,0,0,0,0,1,0,0,0,0,1,1,1.098612289
0387-001-001,2019-20,Mainland Rural,0,1,0,0,0,1,1,0,0,0,0,1,0,0,1.386294361
0388-001-001,2019-20,Mainland Other Urban,0,0,0,0,0,0,1,0,0,0,0,0,1,1,1.098612289
0388-005-001,2019-20,Mainland Other Urban,1,0,0,0,1,0,0,0,1,1,0,0,0,0,1.386294361
0389-001-001,2019-20,Mainland Rural,0,0,0,0,1,0,0,0,0,0,1,0,0,1,1.098612289
0389-001-002,2019-20,Mainland Rural,0,0,0,0,0,1,0,0,0,0,0,1,0,0,0.6931471806
0390-001-001,2019-20,Mainland Rural,0,0,0,0,0,0,0,0,0,1,0,1,0,0,0.6931471806
0390-001-004,2019-20,Mainland Other Urban,0,0,0,0,0,0,0,0,1,0,0,0,0,0,0
0391-001-001,2019-20,Mainland Rural,1,0,0,0,1,0,0,1,1,1,0,1,1,0,1.945910149
0391-005-001,2019-20,Mainland Other Urban,0,1,0,0,0,0,0,0,1,1,0,0,0,0,1.098612289
0392-001-002,2019-20,Mainland Rural,0,0,0,0,0,0,1,0,0,1,0,1,0,1,1.386294361
0393-001-001,2019-20,Mainland Rural,0,0,0,0,1,0,1,0,0,1,1,0,0,0,1.386294361
0393-002-001,2019-20,Mainland Rural,0,0,0,0,0,0,0,0,0,1,0,1,0,0,0.6931471806
0394-001-001,2019-20,Mainland Rural,1,0,0,1,0,0,0,0,0,1,1,0,0,0,1.386294361
0395-001-001,2019-20,Mainland Rural,0,0,1,1,0,1,0,1,0,2,0,1,0,0,1.945910149
0395-001-006,2019-20,Mainland Rural,0,2,0,1,0,1,0,0,0,0,1,1,0,0,1.791759469
0396-001-001,2019-20,Mainland Rural,0,0,0,0,0,0,0,0,0,0,1,1,0,0,0.6931471806
0396-102-001,2019-20,Dar Es Salaam,0,0,0,0,0,0,0,0,0,0,0,1,0,0,0
0397-001-001,2019-20,Mainland Rural,0,0,1,0,0,0,0,0,1,1,0,0,1,0,1.386294361
0398-001-001,2019-20,Mainland Other Urban,0,0,0,0,0,0,0,0,0,0,0,0,0,1,0
0398-001-002,2019-20,Mainland Other Urban,0,1,0,0,0,0,0,0,1,1,0,0,0,0,1.098612289
0398-001-003,2019-20,Mainland Other Urban,1,0,0,0,1,0,1,0,0,0,0,1,0,0,1.386294361
0398-001-005,2019-20,Mainland Rural,1,0,0,0,0,1,0,0,1,1,0,1,1,1,1.945910149
0399-001-001,2019-20,Mainland Other Urban,0,0,0,2,1,0,1,1,0,0,1,1,0,0,1.945910149
0400-001-001,2019-20,Mainland Other Urban,0,0,0,1,0,1,0,0,0,0,0,1,1,0,1.386294361
0401-001-001,2019-20,Mainland Rural,0,1,0,1,0,1,0,1,0,1,0,0,0,1,1.791759469
0402-001-002,2019-20,Mainland Other Urban,0,0,1,0,0,0,0,0,0,0,1,1,0,0,1.098612289
0402-001-003,2019-20,Mainland Rural,1,0,0,0,0,0,0,0,1,1,0,0,0,0,1.098612289
0403-001-001,2019-20,Mainland Rural,0,0,0,0,0,0,1,0,0,0,1,1,1,0,1.386294361
0404-001-001,2019-20,Mainland Rural,0,0,0,0,0,0,0,0,0,0,0,0,1,0,0
0405-001-001,2019-20,Mainland Rural,2,0,0,0,0,0,0,1,1,1,1,0,0,1,1.945910149
0405-001-005,2019-20,Dar Es Salaam,0,0,0,0,0,0,0,0,0,1,0,0,0,0,0
0405-003-001,2019-20,Mainland Rural,0,0,0,0,0,0,0,0,0,0,0,1,0,0,0
0406-001-001,2019-20,Mainland Rural,0,0,2,1,0,0,0,0,0,0,1,1,0,0,1.609437912
0407-001-001,2019-20,Mainland Rural,1,0,1,0,0,0,0,0,1,1,0,0,0,0,1.386294361
0408-001-001,2019-20,Mainland Rural,0,1,0,0,0,2,0,2,0,0,1,1,0,0,1.945910149
0409-001-001,2019-20,Mainland Rural,1,1,0,0,0,2,0,1,2,2,1,1,0,0,2.397895273
0411-001-001,2019-20,Mainland Rural,0,0,1,1,0,1,0,0,0,0,1,2,0,1,1.945910149
0412-001-001,2019-20,Mainland Rural,0,0,0,0,0,0,0,0,1,0,0,0,0,1,0.6931471806
0414-001-001,2019-20,Mainland Rural,0,1,0,1,0,0,0,0,0,1,1,0,0,0,1.386294361
0415-002-001,2019-20,Mainland Rural,0,0,0,0,0,0,0,0,2,0,0,0,0,1,1.098612289
0416-001-001,2019-20,Mainland Rural,0,0,0,0,1,0,1,0,1,2,0,1,1,0,1.945910149
0418-001-001,2019-20,Mainland Rural,2,0,1,0,0,1,1,0,0,0,0,1,1,0,1.945910149
0419-001-001,2019-20,Mainland Rural,0,0,0,1,1,1,1,0,0,0,1,1,0,0,1.791759469
0420-001-001,2019-20,Mainland Rural,0,0,0,1,0,0,0,0,1,0,0,0,0,1,1.098612289
0420-001-003,2019-20,Mainland Rural,1,1,0,0,0,0,0,0,0,1,1,0,0,0,1.386294361
0421-001-001,2019-20,Mainland Rural,1,0,0,2,0,1,0,0,0,1,1,0,1,0,1.945910149
0421-001-002,2019-20,Mainland Rural,1,0,0,0,0,0,1,0,0,0,1,1,0,0,1.386294361
0422-001-001,2019-20,Mainland Other Urban,1,0,0,0,0,2,1,0,0,0,1,1,0,0,1.791759469
0422-106-001,2019-20,Mainland Rural,0,0,0,1,0,2,1,1,0,1,1,1,0,0,2.079441542
0424-001-001,2019-20,Mainland Rural,0,0,0,0,0,1,0,0,1,0,0,0,1,0,1.098612289
0425-001-001,2019-20,Mainland Rural,0,0,1,0,0,0,0,1,0,0,0,1,0,0,1.098612289
0426-001-001,2019-20,Mainland Rural,0,0,1,0,0,1,1,1,0,0,1,1,0,0,1.791759469
0427-001-001,2019-20,Mainland Rural,0,0,1,2,1,0,0,0,2,0,0,2,1,1,2.302585093
0428-001-001,2019-20,Mainland Other Urban,0,0,0,0,1,0,1,0,1,0,0,1,1,0,1.609437912
0428-001-007,2019-20,Mainland Other Urban,1,0,0,0,0,0,0,0,1,1,0,0,0,0,1.098612289
0430-002-001,2019-20,Mainland Rural,0,1,0,2,0,0,1,1,1,1,0,0,0,1,2.079441542
0431-001-001,2019-20,Mainland Rural,0,0,0,0,0,0,1,2,0,0,1,1,0,0,1.609437912
0432-001-001,2019-20,Mainland Rural,0,3,2,0,0,0,0,1,0,2,1,0,0,1,2.302585093
0435-001-001,2019-20,Mainland Rural,0,0,0,0,0,0,0,0,0,0,0,0,0,1,0
0436-001-001,2019-20,Mainland Rural,0,0,1,1,0,0,0,0,1,1,0,1,0,0,1.609437912
0436-002-001,2019-20,Mainland Rural,1,0,1,1,0,0,0,0,1,1,0,0,0,0,1.609437912
0437-001-001,2019-20,Mainland Rural,0,0,0,0,0,0,0,0,0,0,0,0,0,1,0
0438-001-002,2019-20,Mainland Rural,0,1,0,1,0,1,1,1,1,1,0,0,0,0,1.945910149
0438-002-001,2019-20,Mainland Rural,0,0,0,1,0,0,0,0,1,1,0,0,0,0,1.098612289
0439-001-001,2019-20,Mainland Rural,1,1,0,0,0,1,0,0,0,0,1,1,0,0,1.609437912
0440-002-001,2019-20,Mainland Rural,1,0,1,0,0,0,0,0,0,0,0,1,0,0,1.098612289
0440-003-001,2019-20,Mainland Rural,0,0,0,0,0,0,0,0,1,0,0,0,0,0,0
0440-003-002,2019-20,Mainland Rural,1,0,1,0,0,0,0,0,0,1,0,0,0,0,1.098612289
0441-001-001,2019-20,Mainland Rural,0,0,1,0,0,0,1,1,0,0,1,0,0,0,1.386294361
0443-001-001,2019-20,Mainland Rural,0,0,0,0,0,0,0,0,0,0,1,1,0,0,0.6931471806
0443-003-002,2019-20,Mainland Rural,0,1,0,0,0,0,0,0,0,1,0,0,0,0,0.6931471806
0443-004-001,2019-20,Mainland Rural,0,0,0,1,0,0,0,0,1,1,0,0,0,0,1.098612289
0443-005-001,2019-20,Mainland Rural,0,0,0,0,0,0,0,0,1,0,0,0,0,0,0
0444-001-001,2019-20,Mainland Rural,0,1,0,1,1,0,0,0,1,1,1,1,0,0,1.945910149
0444-002-001,2019-20,Mainland Rural,0,1,0,1,0,0,0,0,1,1,0,0,0,0,1.386294361
0445-001-002,2019-20,Mainland Rural,0,1,1,0,0,0,0,0,0,0,1,1,0,1,1.609437912
0447-001-001,2019-20,Mainland Other Urban,0,0,0,0,0,0,0,0,0,0,0,1,0,1,0.6931471806
0448-002-002,2019-20,Mainland Other Urban,0,0,0,0,0,0,0,0,1,0,0,0,0,0,0
0448-002-003,2019-20,Mainland Other Urban,1,0,0,0,0,0,0,0,1,1,0,0,0,0,1.098612289
0448-003-001,2019-20,Mainland Other Urban,0,0,0,0,0,0,0,0,1,0,0,0,0,0,0
0448-003-002,2019-20,Mainland Other Urban,1,0,0,0,0,0,0,0,1,1,0,0,0,0,1.098612289
0448-004-001,2019-20,Mainland Other Urban,1,2,0,1,0,0,0,1,0,1,0,1,0,0,1.945910149
0448-007-001,2019-20,Mainland Other Urban,0,0,1,0,0,0,0,0,1,1,0,0,0,0,1.098612289
0449-001-001,2019-20,Mainland Other Urban,0,0,0,0,0,0,0,1,1,0,0,0,1,1,1.386294361
0449-001-003,2019-20,Mainland Other Urban,1,0,0,0,0,0,0,0,1,1,0,0,0,0,1.098612289
0451-001-001,2019-20,Mainland Rural,0,0,0,0,0,0,0,0,0,1,0,0,0,1,0.6931471806
0452-001-001,2019-20,Mainland Other Urban,0,0,0,1,0,1,0,0,0,0,1,1,0,0,1.386294361
0454-002-002,2019-20,Mainland Other Urban,1,0,0,1,0,1,0,0,0,0,0,1,0,0,1.386294361
0454-003-001,2019-20,Mainland Other Urban,0,1,1,0,0,0,0,0,0,1,1,0,0,0,1.386294361
0455-001-001,2019-20,Mainland Other Urban,0,1,0,0,0,1,1,0,0,0,0,1,1,1,1.791759469
0456-001-001,2019-20,Mainland Other Urban,0,0,0,0,0,0,0,0,0,1,0,0,0,1,0.6931471806
0457-001-001,2019-20,Mainland Other Urban,0,0,1,1,1,0,0,0,0,1,1,1,0,0,1.791759469
0459-001-001,2019-20,Mainland Other Urban,0,1,1,0,0,0,1,0,1,1,1,1,0,0,1.945910149
0460-001-001,2019-20,Dar Es Salaam,1,0,1,0,0,1,0,1,1,0,1,2,0,0,2.079441542
0461-001-001,2019-20,Mainland Other Urban,0,2,2,0,0,0,0,0,1,2,1,0,0,1,2.197224577
0462-001-001,2019-20,Mainland Rural,1,0,0,0,0,0,0,0,0,0,0,1,0,0,0.6931471806
0463-001-001,2019-20,Mainland Other Urban,0,0,0,0,0,0,1,2,1,0,0,0,1,1,1.791759469
0463-001-005,2019-20,Dar Es Salaam,0,0,0,0,0,0,0,0,0,1,0,0,0,0,0
0463-001-008,2019-20,Dar Es Salaam,0,0,0,1,0,0,0,0,0,0,0,2,0,0,1.098612289
0463-001-010,2019-20,Mainland Other Urban,0,0,0,1,0,0,0,0,0,2,0,0,0,0,1.098612289
0464-001-001,2019-20,Dar Es Salaam,0,1,0,1,0,0,0,0,1,1,1,0,0,0,1.609437912
0465-001-001,2019-20,Mainland Rural,0,0,0,1,0,1,0,0,0,1,0,1,0,1,1.609437912
0465-001-002,2019-20,Mainland Rural,0,0,0,0,0,1,0,0,0,0,1,0,0,1,1.098612289
0466-001-001,2019-20,Mainland Other Urban,0,0,0,0,1,1,0,2,0,1,0,0,1,1,1.945910149
0467-001-002,2019-20,Mainland Other Urban,0,0,0,0,0,0,1,1,2,0,0,1,0,0,1.609437912
0467-001-003,2019-20,Mainland Other Urban,0,0,0,0,0,0,0,0,1,0,0,0,0,0,0
0468-001-001,2019-20,Mainland Other Urban,0,0,0,0,0,0,1,2,0,0,0,0,0,2,1.609437912
0469-001-001,2019-20,Mainland Other Urban,0,1,1,0,1,0,2,0,0,0,1,1,0,0,1.945910149
0469-001-003,2019-20,Mainland Rural,0,0,0,0,0,0,0,0,0,1,0,0,0,1,0.6931471806
0469-001-004,2019-20,Mainland Other Urban,0,0,0,0,0,1,0,1,1,0,0,1,1,0,1.609437912
0470-001-001,2019-20,Mainland Other Urban,0,0,0,0,1,1,0,0,2,0,1,1,0,0,1.791759469
0471-001-001,2019-20,Mainland Rural,1,0,0,1,0,0,0,0,1,1,0,0,0,0,1.386294361
0472-001-001,2019-20,Mainland Rural,0,0,0,0,1,0,0,0,0,0,1,0,0,1,1.098612289
0473-001-001,2019-20,Mainland Rural,0,0,0,2,1,0,0,0,0,1,1,0,0,0,1.609437912
0474-001-001,2019-20,Mainland Rural,1,0,2,0,1,1,0,0,0,0,1,1,0,0,1.945910149
0475-001-001,2019-20,Mainland Rural,0,0,0,0,0,0,0,0,0,0,1,0,0,0,0
0475-001-002,2019-20,Mainland Other Urban,0,0,0,0,0,0,0,0,0,0,1,0,0,0,0
0476-001-001,2019-20,Mainland Rural,0,0,0,0,0,0,0,0,0,0,0,0,0,1,0
0476-001-002,2019-20,Mainland Rural,0,0,0,0,0,0,0,0,2,0,0,0,0,0,0.6931471806
0477-001-001,2019-20,Mainland Rural,0,0,0,2,1,1,1,0,1,1,1,1,0,0,2.197224577
0478-001-001,2019-20,Mainland Rural,0,0,1,1,0,2,0,0,0,0,1,1,0,0,1.791759469
0479-001-001,2019-20,Mainland Rural,1,0,0,0,0,0,0,0,2,1,0,0,0,1,1.609437912
0481-001-001,2019-20,Mainland Rural,0,2,1,0,0,0,0,0,1,2,0,1,1,0,2.079441542
0483-001-001,2019-20,Mainland Rural,0,0,0,1,0,2,0,0,0,0,1,1,0,0,1.609437912
0484-001-001,2019-20,Mainland Rural,1,0,2,0,0,0,0,0,2,1,0,0,0,0,1.791759469
0485-001-002,2019-20,Mainland Rural,0,1,1,0,0,0,0,0,0,0,0,1,0,0,1.098612289
0486-001-001,2019-20,Mainland Rural,0,0,0,0,0,0,0,0,0,0,0,0,0,1,0
0486-001-002,2019-20,Mainland Rural,1,0,0,0,1,0,0,0,0,1,1,0,0,0,1.386294361
0487-001-001,2019-20,Mainland Rural,1,0,0,2,0,0,0,0,1,1,0,0,0,0,1.609437912
0488-002-001,2019-20,Mainland Rural,0,0,1,1,0,1,0,1,0,0,0,1,0,0,1.609437912
0489-001-001,2019-20,Mainland Rural,0,1,1,1,1,1,0,0,1,0,1,2,0,0,2.197224577
0490-001-001,2019-20,Mainland Rural,0,0,0,0,0,0,0,0,0,0,0,0,1,1,0.6931471806
0491-001-001,2019-20,Mainland Rural,0,0,0,0,1,0,0,0,0,0,0,0,0,1,0.6931471806
0491-001-002,2019-20,Mainland Rural,0,1,0,0,0,0,0,0,1,1,0,0,0,0,1.098612289
0491-001-003,2019-20,Mainland Rural,0,0,0,0,0,0,0,0,0,1,1,0,0,0,0.6931471806
0491-001-004,2019-20,Mainland Other Urban,0,1,0,0,0,0,0,0,1,1,0,0,0,0,1.098612289
0491-002-001,2019-20,Mainland Rural,0,1,0,2,0,0,0,0,1,1,0,0,0,0,1.609437912
0491-003-001,2019-20,Mainland Rural,0,1,1,0,0,0,0,0,1,1,0,0,0,0,1.386294361
0491-004-001,2019-20,Mainland Rural,0,0,1,1,0,0,0,0,1,1,0,0,0,0,1.386294361
0492-001-001,2019-20,Mainland Rural,0,0,1,0,0,1,0,2,0,1,1,1,0,0,1.945910149
0493-001-001,2019-20,Mainland Other Urban,1,0,0,0,0,0,1,0,2,1,0,0,1,1,1.945910149
0494-001-001,2019-20,Mainland Other Urban,0,0,0,1,0,0,0,0,2,0,1,1,0,0,1.609437912
0494-105-001,2019-20,Mainland Rural,0,0,0,0,0,0,0,0,1,0,0,0,1,1,1.098612289
0495-001-001,2019-20,Mainland Other Urban,0,0,1,0,0,0,0,0,1,0,0,1,1,1,1.609437912
0496-001-002,2019-20,Mainland Other Urban,0,0,0,0,0,0,0,1,1,0,0,0,0,1,1.098612289
0497-001-001,2019-20,Mainland Other Urban,0,1,0,1,1,0,1,0,0,0,1,1,0,0,1.791759469
0497-001-003,2019-20,Mainland Rural,0,1,0,0,0,0,0,0,1,1,0,0,0,0,1.098612289
0498-001-001,2019-20,Mainland Other Urban,0,0,0,0,2,0,0,0,0,0,1,0,1,1,1.609437912
0498-001-006,2019-20,Mainland Rural,0,1,1,0,1,0,1,1,1,1,0,0,1,1,2.197224577
0498-004-001,2019-20,Mainland Other Urban,1,0,1,0,0,0,0,0,0,1,1,0,0,0,1.386294361
0499-001-001,2019-20,Mainland Rural,0,2,2,0,0,1,0,0,1,1,0,0,1,1,2.197224577
0499-001-004,2019-20,Mainland Rural,0,1,1,3,1,0,0,0,0,1,0,1,0,0,2.079441542
0499-004-002,2019-20,Mainland Rural,0,3,0,1,0,0,0,0,0,1,0,1,1,0,1.945910149
0500-001-001,2019-20,Mainland Other Urban,0,0,0,0,0,0,0,0,1,1,0,0,1,2,1.609437912
0501-001-001,2019-20,Mainland Rural,1,0,1,0,1,0,0,0,0,0,1,1,0,0,1.609437912
0502-001-002,2019-20,Mainland Rural,0,1,1,1,0,1,1,0,0,0,2,1,0,1,2.197224577
0502-004-001,2019-20,Mainland Other Urban,0,0,1,0,1,0,0,1,0,0,0,1,0,0,1.386294361
0503-001-001,2019-20,Mainland Rural,0,0,0,0,0,0,0,0,0,0,1,0,1,1,1.098612289
0504-008-001,2019-20,Mainland Rural,0,0,0,0,0,1,2,1,1,0,1,1,0,0,1.945910149
0504-008-008,2019-20,Dar Es Salaam,0,0,0,0,0,0,0,0,1,0,0,0,0,0,0
0505-001-001,2019-20,Mainland Other Urban,0,0,0,1,0,0,0,0,0,2,0,0,0,1,1.386294361
0505-001-002,2019-20,Mainland Rural,0,0,1,0,0,0,0,0,0,1,0,0,0,0,0.6931471806
0506-001-001,2019-20,Mainland Rural,0,0,0,0,1,0,0,1,0,0,0,0,1,1,1.386294361
0506-003-001,2019-20,Mainland Rural,1,0,1,0,0,0,0,0,0,1,1,0,0,0,1.386294361
0508-001-001,2019-20,Mainland Rural,1,0,0,0,0,0,0,1,1,0,0,1,0,0,1.386294361
0509-001-001,2019-20,Mainland Rural,0,1,0,0,0,0,0,0,0,0,1,1,0,0,1.098612289
0510-001-001,2019-20,Mainland Rural,3,0,0,0,0,1,1,1,1,1,1,1,0,0,2.302585093
0510-003-001,2019-20,Mainland Rural,0,1,1,0,0,0,0,0,1,1,0,0,0,0,1.386294361
0511-001-001,2019-20,Mainland Other Urban,0,0,0,3,0,0,0,0,0,0,1,1,0,0,1.609437912
0512-001-001,2019-20,Mainland Rural,0,0,0,0,0,0,0,0,0,0,0,0,0,2,0.6931471806
0513-001-001,2019-20,Mainland Rural,1,0,1,0,0,2,1,0,0,0,1,1,0,0,1.945910149
0514-001-001,2019-20,Mainland Rural,0,0,0,1,1,1,0,0,0,0,1,1,0,0,1.609437912
0515-001-001,2019-20,Mainland Rural,0,0,0,0,0,0,0,0,0,0,0,0,1,1,0.6931471806
0515-003-001,2019-20,Mainland Rural,0,1,0,0,0,0,0,0,0,1,1,0,0,0,1.098612289
0516-001-001,2019-20,Mainland Other Urban,1,0,0,0,0,0,0,0,0,1,1,0,0,0,1.098612289
0517-001-001,2019-20,Mainland Other Urban,1,0,1,0,0,0,0,0,0,1,1,0,0,0,1.386294361
0518-001-001,2019-20,Mainland Rural,0,0,1,0,1,0,2,0,2,0,0,1,0,0,1.945910149
0519-001-002,2019-20,Mainland Other Urban,0,1,0,0,0,0,0,0,2,1,0,1,0,0,1.609437912
0521-001-001,2019-20,Mainland Rural,1,0,1,2,1,1,0,3,0,0,1,1,0,0,2.397895273
0521-001-003,2019-20,Mainland Rural,0,1,0,0,0,0,0,0,1,1,0,0,0,0,1.098612289
0521-001-011,2019-20,Mainland Rural,0,1,0,1,0,0,0,0,1,1,0,0,0,0,1.386294361
0522-001-001,2019-20,Mainland Rural,1,1,2,0,0,0,0,0,0,1,1,0,0,0,1.791759469
0525-001-001,2019-20,Mainland Rural,2,1,0,0,1,0,1,1,3,2,0,0,1,1,2.564949357
0525-003-001,2019-20,Mainland Rural,0,0,0,1,0,0,0,0,0,0,0,2,0,0,1.098612289
0525-003-004,2019-20,Mainland Rural,0,1,0,0,0,1,0,0,1,1,0,0,0,0,1.386294361
0525-004-001,2019-20,Mainland Rural,2,0,0,2,1,1,0,0,0,1,1,0,0,0,2.079441542
0525-005-001,2019-20,Mainland Rural,0,1,0,0,0,1,0,0,1,1,0,0,1,1,1.791759469
0525-005-003,2019-20,Mainland Rural,0,2,2,0,1,0,0,0,0,1,1,0,0,0,1.945910149
0526-001-001,2019-20,Mainland Rural,1,0,0,1,0,0,0,0,1,1,0,0,0,0,1.386294361
0528-001-001,2019-20,Mainland Rural,2,1,3,0,0,0,0,0,1,2,0,0,1,0,2.302585093
0528-001-002,2019-20,Mainland Rural,0,0,0,1,0,0,0,0,0,0,0,1,0,0,0.6931471806
0528-001-003,2019-20,Mainland Rural,0,2,1,0,0,0,0,0,1,1,0,0,0,0,1.609437912
0528-001-005,2019-20,Mainland Rural,0,1,1,0,0,0,0,0,1,1,0,0,0,0,1.386294361
0529-001-001,2019-20,Mainland Rural,5,0,5,1,5,2,6,2,2,2,1,0,1,1,3.496507561
0529-001-003,2019-20,Mainland Rural,0,1,0,3,0,1,0,0,0,1,1,0,0,0,1.945910149
0529-001-009,2019-20,Mainland Rural,1,0,0,0,0,0,0,0,1,1,0,0,0,0,1.098612289
0530-001-001,2019-20,Mainland Rural,1,0,0,1,0,1,1,0,0,0,1,1,0,0,1.791759469
0530-001-003,2019-20,Mainland Rural,2,0,4,1,0,2,1,1,2,1,0,1,1,0,2.772588722
0531-001-001,2019-20,Mainland Rural,0,1,0,1,0,0,0,0,0,0,0,1,1,0,1.386294361
0532-001-001,2019-20,Mainland Other Urban,0,0,0,0,2,1,0,1,0,1,0,0,1,1,1.945910149
0534-001-001,2019-20,Mainland Rural,0,0,2,0,0,0,0,1,1,0,0,0,1,1,1.791759469
0534-001-003,2019-20,Mainland Rural,0,0,1,0,0,0,0,0,1,1,0,0,0,0,1.098612289
0535-001-001,2019-20,Mainland Rural,1,0,0,1,2,0,0,0,0,1,1,0,0,0,1.791759469
0535-006-001,2019-20,Mainland Rural,0,0,0,0,0,0,0,0,1,0,0,1,1,0,1.098612289
0536-001-001,2019-20,Mainland Rural,0,1,1,0,0,0,0,0,0,0,1,1,0,0,1.386294361
0537-001-001,2019-20,Mainland Rural,0,0,0,0,0,0,0,0,0,0,0,1,1,0,0.6931471806
0539-001-001,2019-20,Mainland Rural,1,0,1,0,0,2,0,0,0,1,1,0,0,0,1.791759469
0540-001-001,2019-20,Mainland Other Urban,0,0,0,0,0,0,0,0,0,0,2,1,1,0,1.386294361
0541-001-001,2019-20,Dar Es Salaam,0,1,1,0,0,0,0,0,1,1,1,0,0,0,1.609437912
0542-001-002,2019-20,Mainland Rural,0,1,1,1,0,0,1,0,1,2,2,0,0,0,2.197224577
0543-001-001,2019-20,Mainland Rural,1,1,0,1,0,0,0,0,1,3,0,0,0,1,2.079441542
0544-001-001,2019-20,Mainland Other Urban,0,2,0,0,0,0,0,0,0,1,1,0,0,0,1.386294361
0545-006-001,2019-20,Dar Es Salaam,1,0,0,0,0,0,0,0,0,1,1,0,0,0,1.098612289
0545-006-003,2019-20,Dar Es Salaam,0,0,1,0,0,1,1,0,0,0,1,1,0,0,1.609437912
0545-008-001,2019-20,Dar Es Salaam,1,1,0,0,0,0,0,0,1,1,0,0,0,0,1.386294361
0547-001-001,2019-20,Mainland Other Urban,0,0,0,0,0,0,0,0,0,0,0,0,0,1,0
0547-001-002,2019-20,Mainland Other Urban,0,0,0,0,0,0,1,0,2,0,0,1,1,0,1.609437912
0548-001-001,2019-20,Mainland Other Urban,0,0,0,1,1,0,1,0,1,0,0,1,1,0,1.791759469
0548-002-001,2019-20,Mainland Other Urban,0,0,0,0,0,0,0,1,0,0,0,1,0,0,0.6931471806
0548-002-002,2019-20,Mainland Other Urban,1,0,0,0,0,0,0,0,1,1,0,0,0,0,1.098612289
0549-001-001,2019-20,Mainland Other Urban,1,0,0,1,0,0,0,0,0,1,1,0,0,0,1.386294361
0549-001-002,2019-20,Mainland Other Urban,0,0,0,0,0,0,0,0,0,0,0,1,0,0,0
0550-001-001,2019-20,Dar Es Salaam,1,0,0,0,0,1,0,1,0,0,1,1,0,0,1.609437912
0551-001-001,2019-20,Mainland Other Urban,0,0,0,0,0,0,0,0,0,1,0,0,1,1,1.098612289
0551-001-003,2019-20,Mainland Rural,0,0,0,0,0,0,0,0,0,1,0,0,0,0,0
0551-001-006,2019-20,Mainland Rural,0,0,0,0,0,0,0,0,0,1,0,0,0,0,0
0552-001-001,2019-20,Dar Es Salaam,1,0,0,1,0,0,0,0,0,0,1,1,0,0,1.386294361
0553-001-001,2019-20,Dar Es Salaam,0,0,0,0,0,0,0,0,1,2,0,0,1,0,1.386294361
0554-001-001,2019-20,Mainland Other Urban,0,3,0,1,1,0,0,1,0,2,1,1,0,0,2.302585093
0554-003-001,2019-20,Mainland Other Urban,0,0,0,0,0,0,0,0,0,0,0,0,0,1,0
0555-001-001,2019-20,Mainland Other Urban,0,0,0,0,0,0,0,0,0,0,0,0,0,1,0
0557-001-001,2019-20,Mainland Other Urban,0,1,0,1,0,0,0,0,0,2,1,0,0,0,1.609437912
0559-001-001,2019-20,Mainland Other Urban,0,1,0,0,1,0,0,0,1,1,0,1,2,0,1.945910149
0565-001-001,2019-20,Mainland Rural,0,1,1,0,2,1,1,2,0,0,0,0,1,1,2.302585093
0565-003-001,2019-20,Mainland Other Urban,1,1,0,1,0,0,0,1,1,1,0,0,0,0,1.791759469
0565-004-001,2019-20,Mainland Rural,0,0,0,0,0,0,0,0,1,1,0,0,0,0,0.6931471806
0565-005-001,2019-20,Mainland Other Urban,1,0,1,0,0,0,0,0,1,1,0,0,0,0,1.386294361
0566-001-001,2019-20,Mainland Rural,1,0,1,1,0,1,0,0,0,0,1,1,0,0,1.791759469
0567-001-001,2019-20,Mainland Other Urban,0,1,0,2,1,0,0,0,0,1,1,0,0,0,1.791759469
0568-001-001,2019-20,Mainland Other Urban,0,0,0,1,1,1,1,1,0,0,1,1,0,0,1.945910149
0569-001-001,2019-20,Mainland Rural,1,1,1,0,1,1,1,2,0,0,1,1,0,0,2.302585093
0570-001-001,2019-20,Mainland Other Urban,1,0,0,2,0,0,0,0,0,1,1,0,0,0,1.609437912
0571-001-001,2019-20,Mainland Other Urban,0,0,0,0,2,1,0,0,0,1,0,0,1,1,1.791759469
0571-104-001,2019-20,Mainland Rural,1,0,0,0,0,0,0,0,1,1,0,0,0,0,1.098612289
0572-001-003,2019-20,Mainland Other Urban,1,0,0,2,1,1,2,0,0,0,1,1,0,0,2.197224577
0573-001-001,2019-20,Mainland Rural,0,2,2,2,1,1,2,0,0,2,0,0,1,1,2.63905733
0573-001-003,2019-20,Mainland Other Urban,1,1,1,0,0,1,0,0,1,1,0,0,0,0,1.791759469
0573-001-006,2019-20,Mainland Other Urban,0,1,0,0,0,2,0,1,0,0,1,0,0,0,1.609437912
0573-003-001,2019-20,Mainland Other Urban,1,1,1,2,1,2,3,1,1,2,0,1,1,0,2.833213344
0573-003-004,2019-20,Mainland Rural,0,3,4,6,4,5,2,2,2,2,3,1,0,1,3.555348061
0573-003-005,2019-20,Mainland Rural,0,1,0,1,0,0,0,0,0,0,1,1,0,0,1.386294361
0573-003-013,2019-20,Mainland Rural,2,1,0,2,0,0,0,0,1,2,1,1,0,0,2.302585093
0573-006-001,2019-20,Mainland Rural,1,0,0,2,0,0,0,0,1,1,0,1,1,0,1.945910149
0573-006-003,2019-20,Mainland Rural,0,1,0,2,1,0,0,0,1,1,0,0,0,0,1.791759469
0573-006-009,2019-20,Mainland Other Urban,0,1,0,0,0,0,0,0,0,1,0,0,0,0,0.6931471806
0574-001-001,2019-20,Mainland Other Urban,0,0,0,0,0,0,0,0,0,0,2,0,1,1,1.386294361
0575-001-001,2019-20,Mainland Rural,1,0,1,0,0,0,0,0,1,1,0,0,0,0,1.386294361
0576-001-001,2019-20,Mainland Other Urban,0,2,1,0,0,0,0,0,1,1,0,0,0,0,1.609437912
0576-001-002,2019-20,Mainland Other Urban,0,0,0,0,0,0,1,0,0,1,0,0,1,1,1.386294361
0577-001-002,2019-20,Mainland Other Urban,0,0,0,0,0,0,0,0,0,0,0,1,0,0,0
0578-001-001,2019-20,Mainland Other Urban,1,0,0,1,0,0,0,0,1,1,0,0,0,0,1.386294361
0580-001-001,2019-20,Mainland Other Urban,0,0,0,0,1,0,0,0,1,0,1,0,1,1,1.609437912
0580-004-001,2019-20,Mainland Other Urban,1,1,0,0,0,0,0,0,1,1,0,0,0,0,1.386294361
0581-001-001,2019-20,Mainland Other Urban,0,1,1,0,0,0,0,0,0,1,1,0,0,0,1.386294361
0582-001-001,2019-20,Mainland Other Urban,0,0,0,1,0,0,0,1,0,0,0,1,0,0,1.098612289
0583-001-001,2019-20,Mainland Other Urban,2,0,1,1,0,0,0,0,0,1,1,1,0,0,1.945910149
0584-001-001,2019-20,Mainland Rural,0,0,1,1,1,0,3,0,1,1,1,1,0,0,2.302585093
0585-001-001,2019-20,Mainland Other Urban,0,0,1,1,0,1,1,1,0,0,1,1,0,0,1.945910149
0585-001-003,2019-20,Mainland Rural,1,0,0,0,0,0,0,0,1,1,0,0,0,0,1.098612289
0586-001-001,2019-20,Mainland Other Urban,1,0,0,0,0,0,0,0,0,1,1,0,0,1,1.386294361
0586-003-001,2019-20,Mainland Rural,1,0,2,0,0,0,0,0,1,1,0,0,0,0,1.609437912
0588-001-001,2019-20,Mainland Other Urban,0,0,1,0,0,1,2,0,0,0,1,1,0,0,1.791759469
0589-001-001,2019-20,Mainland Rural,0,2,0,0,0,0,0,0,1,1,0,1,1,0,1.791759469
0589-001-006,2019-20,Mainland Rural,1,0,1,0,0,1,0,1,0,0,1,1,0,0,1.791759469
0589-007-001,2019-20,Dar Es Salaam,0,0,0,0,0,0,0,0,1,2,1,0,0,1,1.609437912
0589-007-003,2019-20,Mainland Rural,0,0,0,0,0,0,0,0,0,1,1,0,0,0,0.6931471806
0589-008-001,2019-20,Mainland Rural,1,0,0,1,0,0,0,0,0,1,1,0,0,0,1.386294361
0590-001-001,2019-20,Dar Es Salaam,0,0,0,0,0,0,0,0,0,0,1,0,0,0,0
0590-001-002,2019-20,Dar Es Salaam,0,0,0,1,0,1,0,1,0,1,0,1,0,0,1.609437912
0591-001-001,2019-20,Mainland Rural,0,1,1,0,0,2,1,1,0,0,1,1,0,0,2.079441542
0592-001-001,2019-20,Mainland Rural,0,0,0,1,0,1,1,1,2,0,1,1,0,0,2.079441542
0593-001-001,2019-20,Mainland Rural,1,0,0,2,0,0,0,0,0,1,1,0,0,0,1.609437912
0593-002-001,2019-20,Mainland Other Urban,1,1,1,0,1,1,0,0,0,1,0,1,0,0,1.945910149
0593-004-001,2019-20,Mainland Other Urban,0,1,0,0,0,0,0,0,1,1,0,0,0,0,1.098612289
0593-005-001,2019-20,Mainland Other Urban,0,0,0,0,0,0,1,0,2,1,0,0,1,1,1.791759469
0593-005-008,2019-20,Mainland Rural,0,1,2,0,0,0,0,0,0,1,1,0,0,0,1.609437912
0595-001-001,2019-20,Mainland Rural,0,2,1,0,0,0,0,0,0,1,1,0,0,0,1.609437912
0596-001-001,2019-20,Mainland Other Urban,0,0,0,0,1,0,1,0,1,1,0,0,1,1,1.791759469
0596-003-001,2019-20,Mainland Other Urban,0,1,0,1,0,0,0,0,0,1,1,0,0,0,1.386294361
0597-001-001,2019-20,Mainland Other Urban,1,0,2,1,0,0,0,0,0,1,1,0,0,0,1.791759469
0598-001-001,2019-20,Mainland Other Urban,2,0,1,1,0,0,0,0,0,1,1,0,0,0,1.791759469
0599-001-001,2019-20,Mainland Other Urban,0,0,0,0,1,1,1,0,0,1,1,1,0,0,1.791759469
0600-001-001,2019-20,Mainland Other Urban,1,1,1,1,1,0,0,0,0,0,1,1,0,0,1.945910149
0601-001-001,2019-20,Mainland Rural,1,0,2,0,0,0,0,0,0,1,1,0,0,0,1.609437912
0602-001-001,2019-20,Mainland Rural,0,1,0,0,0,0,0,0,2,1,1,0,0,1,1.791759469
0603-001-002,2019-20,Mainland Rural,0,0,0,0,0,0,0,0,0,0,0,0,0,1,0
0604-001-001,2019-20,Mainland Rural,0,1,1,0,0,0,0,0,0,1,1,0,0,0,1.386294361
0605-001-001,2019-20,Mainland Other Urban,1,0,0,1,0,0,0,0,2,1,0,0,0,0,1.609437912
0606-001-001,2019-20,Mainland Other Urban,0,1,1,1,0,1,0,1,0,2,0,0,1,1,2.197224577
0607-001-001,2019-20,Mainland Rural,1,0,1,1,1,1,2,0,1,0,1,1,0,0,2.302585093
0607-001-010,2019-20,Mainland Rural,1,1,0,0,0,0,0,0,1,1,0,0,0,0,1.386294361
0607-007-001,2019-20,Mainland Rural,0,2,1,0,0,2,0,1,1,1,0,1,1,0,2.302585093
0608-001-001,2019-20,Mainland Rural,2,1,0,1,1,1,1,0,2,2,0,0,1,1,2.564949357
0608-001-006,2019-20,Mainland Rural,0,2,0,0,0,0,0,0,1,1,0,0,0,0,1.386294361
0608-003-001,2019-20,Mainland Rural,1,1,0,1,0,0,0,0,0,1,1,0,0,0,1.609437912
0609-001-002,2019-20,Mainland Rural,0,0,0,0,0,0,0,0,0,0,0,0,0,1,0
0610-001-001,2019-20,Mainland Rural,0,0,1,0,0,0,0,0,0,0,0,0,1,1,1.098612289
0610-001-003,2019-20,Mainland Rural,2,2,0,2,0,0,0,0,0,2,1,0,0,0,2.197224577
0610-003-001,2019-20,Mainland Rural,0,1,0,2,0,0,1,0,1,1,0,0,1,1,2.079441542
0610-103-002,2019-20,Mainland Rural,4,6,4,4,3,2,1,0,1,5,2,1,0,1,3.526360525
0610-103-006,2019-20,Mainland Rural,0,1,0,0,0,0,0,1,1,0,0,0,0,0,1.098612289
0610-103-007,2019-20,Mainland Rural,1,4,0,2,2,0,1,0,0,1,1,1,0,0,2.564949357
0611-001-001,2019-20,Mainland Rural,0,1,0,2,1,1,2,1,0,0,1,1,0,0,2.302585093
0612-001-001,2019-20,Mainland Rural,0,0,0,0,0,0,0,0,0,1,1,0,1,0,1.098612289
0613-001-001,2019-20,Mainland Rural,1,0,1,0,2,0,0,1,0,1,1,1,0,0,2.079441542
0614-001-001,2019-20,Mainland Rural,1,1,1,1,0,0,0,2,2,2,0,0,1,1,2.48490665
0614-005-001,2019-20,Mainland Rural,1,0,2,0,1,1,0,0,4,2,0,0,1,0,2.48490665
0614-005-007,2019-20,Mainland Rural,1,0,0,0,0,0,0,0,1,1,0,0,0,0,1.098612289
0615-001-001,2019-20,Mainland Rural,1,0,0,0,1,0,0,0,0,1,2,0,1,1,1.945910149
0615-001-005,2019-20,Mainland Rural,0,1,0,0,0,0,0,0,1,1,0,0,0,0,1.098612289
0615-005-001,2019-20,Mainland Rural,0,0,0,0,0,0,1,0,1,0,0,0,0,1,1.098612289
0616-001-001,2019-20,Mainland Rural,1,0,1,1,0,1,1,2,1,0,1,1,0,0,2.302585093
0617-001-001,2019-20,Mainland Rural,1,1,1,3,0,1,2,0,0,1,0,0,1,2,2.564949357
0618-001-001,2019-20,Mainland Rural,2,1,3,2,3,3,0,3,2,1,0,2,1,1,3.17805383
0618-006-001,2019-20,Mainland Rural,5,0,0,1,2,0,1,1,2,3,0,1,0,0,2.772588722
0619-001-001,2019-20,Mainland Rural,2,0,0,3,1,0,2,0,1,1,0,1,1,0,2.48490665
0619-106-001,2019-20,Mainland Rural,0,0,1,1,0,0,0,0,1,1,0,0,1,1,1.791759469
0620-001-001,2019-20,Mainland Rural,1,1,0,0,0,0,0,0,0,1,1,0,0,0,1.386294361
0620-001-002,2019-20,Mainland Rural,1,0,0,1,0,0,0,0,0,0,0,1,0,0,1.098612289
0621-001-001,2019-20,Mainland Rural,0,0,1,0,2,0,1,0,0,0,0,1,1,0,1.791759469
0621-003-001,2019-20,Mainland Rural,0,1,0,1,0,1,0,0,0,1,1,0,0,0,1.609437912
0622-001-001,2019-20,Mainland Rural,0,0,0,0,0,1,0,1,0,0,0,1,1,0,1.386294361
0623-001-001,2019-20,Mainland Rural,1,0,1,1,1,0,0,3,2,0,0,1,1,1,2.48490665
0623-001-004,2019-20,Mainland Rural,2,1,2,0,2,2,0,0,3,2,1,1,0,0,2.772588722
0624-001-001,2019-20,Mainland Rural,1,0,2,2,0,0,0,0,0,1,1,0,0,1,2.079441542
0626-001-001,2019-20,Mainland Rural,0,0,0,0,0,0,0,0,0,0,0,1,0,0,0
0626-001-003,2019-20,Mainland Rural,1,1,0,0,0,0,0,0,1,1,0,0,0,0,1.386294361
0626-001-004,2019-20,Mainland Rural,1,0,0,1,0,0,0,0,1,1,0,0,0,0,1.386294361
0627-001-001,2019-20,Mainland Rural,0,0,1,1,0,0,0,1,0,0,0,1,1,0,1.609437912
0627-001-002,2019-20,Mainland Rural,0,1,0,1,0,0,0,0,1,1,0,0,0,0,1.386294361
0628-001-001,2019-20,Mainland Rural,0,0,1,0,0,0,1,0,2,1,0,0,1,1,1.945910149
0628-003-001,2019-20,Mainland Rural,0,0,0,0,0,0,0,0,1,1,0,1,0,0,1.098612289
0628-003-003,2019-20,Mainland Rural,0,0,0,1,0,0,0,0,1,1,0,0,0,0,1.098612289
0628-005-001,2019-20,Mainland Rural,1,1,0,0,0,1,0,1,4,2,0,0,1,1,2.48490665
0629-002-001,2019-20,Mainland Rural,1,0,1,0,0,0,0,1,0,1,1,0,0,0,1.609437912
0630-001-001,2019-20,Mainland Rural,0,1,0,2,0,0,0,0,0,1,1,0,0,0,1.609437912
0631-001-001,2019-20,Mainland Rural,0,1,2,1,1,0,0,1,1,1,0,1,1,0,2.302585093
0631-008-001,2019-20,Mainland Rural,1,1,1,1,2,1,0,0,0,0,1,1,0,0,2.197224577
0632-001-001,2019-20,Mainland Rural,0,0,0,0,1,1,1,1,0,0,0,1,1,0,1.791759469
0632-003-001,2019-20,Mainland Rural,0,0,0,1,0,0,0,0,0,1,1,0,0,0,1.098612289
0632-004-001,2019-20,Mainland Rural,0,1,0,0,0,0,0,0,2,1,0,0,0,0,1.386294361
0633-001-002,2019-20,Mainland Rural,0,0,0,0,0,0,1,0,1,0,0,0,0,1,1.098612289
0633-001-003,2019-20,Mainland Rural,0,0,0,0,0,0,0,0,0,0,0,1,0,0,0
0633-011-002,2019-20,Mainland Rural,0,0,0,0,0,1,1,0,0,0,0,0,0,1,1.098612289
0634-001-001,2019-20,Mainland Rural,1,1,1,0,1,0,2,0,1,1,0,1,1,0,2.302585093
0634-007-001,2019-20,Mainland Rural,0,0,0,0,0,0,0,0,0,0,1,0,0,0,0
0636-001-001,2019-20,Mainland Rural,1,0,1,1,0,0,0,0,2,1,0,0,0,0,1.791759469
0637-001-001,2019-20,Mainland Rural,1,1,2,1,1,1,1,0,3,1,1,1,0,0,2.63905733
0638-001-001,2019-20,Mainland Rural,1,0,1,1,0,0,0,0,0,0,1,1,0,0,1.609437912
0639-007-001,2019-20,Mainland Rural,0,0,0,0,0,0,0,1,1,0,0,0,1,1,1.386294361
0639-007-003,2019-20,Mainland Rural,1,0,0,1,1,1,0,0,2,1,0,1,1,0,2.197224577
0640-001-001,2019-20,Mainland Rural,0,0,0,0,1,0,0,0,0,0,0,1,0,0,0.6931471806
0641-001-001,2019-20,Mainland Rural,2,0,2,0,1,2,0,0,0,0,0,1,0,0,2.079441542
0642-001-001,2019-20,Mainland Rural,0,0,0,0,0,1,1,0,0,1,0,0,1,1,1.609437912
0642-001-003,2019-20,Mainland Rural,2,0,0,0,0,0,0,0,1,1,0,0,0,0,1.386294361
0642-001-004,2019-20,Mainland Rural,0,1,0,0,0,0,0,0,1,1,0,0,0,0,1.098612289
0642-001-006,2019-20,Mainland Rural,1,0,0,0,0,0,0,0,1,1,0,0,0,0,1.098612289
0642-001-009,2019-20,Mainland Rural,0,0,1,0,1,0,0,0,0,1,0,0,0,0,1.098612289
0643-001-001,2019-20,Mainland Rural,0,0,0,0,0,0,0,1,0,0,0,0,1,1,1.098612289
0643-001-004,2019-20,Mainland Rural,0,1,1,0,0,0,0,0,1,1,0,0,0,0,1.386294361
0644-001-001,2019-20,Mainland Rural,0,0,0,2,0,0,0,0,0,1,1,0,0,0,1.386294361
0645-001-001,2019-20,Mainland Rural,0,1,0,2,0,0,0,1,0,0,1,1,0,0,1.791759469
0645-001-003,2019-20,Mainland Rural,0,1,0,0,0,1,0,1,0,0,0,0,0,1,1.386294361
0646-001-001,2019-20,Mainland Rural,0,0,0,0,0,0,0,0,0,0,1,0,0,0,0
0646-001-002,2019-20,Mainland Rural,0,1,0,0,0,0,0,0,0,0,1,1,0,0,1.098612289
0647-001-001,2019-20,Mainland Rural,2,0,0,1,2,0,0,0,0,0,1,1,0,0,1.945910149
0648-001-001,2019-20,Mainland Rural,0,1,1,1,0,1,0,0,0,0,1,1,0,0,1.791759469
0649-001-001,2019-20,Mainland Rural,0,0,0,0,0,0,0,2,0,0,0,0,0,1,1.098612289
0651-001-001,2019-20,Mainland Rural,2,1,0,1,0,1,0,0,1,1,0,0,0,1,2.079441542
0652-001-001,2019-20,Mainland Rural,0,0,0,0,1,0,0,0,0,0,0,0,1,1,1.098612289
0652-003-001,2019-20,Mainland Rural,0,1,1,0,0,0,0,0,0,1,1,0,0,0,1.386294361
0653-001-001,2019-20,Mainland Rural,0,0,0,0,1,0,1,1,2,0,0,1,1,0,1.945910149
0654-001-001,2019-20,Mainland Rural,0,0,0,0,0,0,0,0,0,0,1,0,1,1,1.098612289
0654-001-002,2019-20,Mainland Rural,0,0,1,0,0,0,0,0,1,0,0,0,0,1,1.098612289
0654-004-001,2019-20,Mainland Rural,0,0,0,1,0,0,0,0,0,1,1,0,0,0,1.098612289
0655-001-001,2019-20,Mainland Rural,0,0,0,1,2,0,0,0,0,0,1,1,0,0,1.609437912
0657-001-001,2019-20,Mainland Rural,0,0,0,0,0,2,0,0,0,0,0,1,1,0,1.386294361
0658-001-001,2019-20,Mainland Rural,0,0,0,1,0,0,2,0,0,0,0,0,0,1,1.386294361
0658-001-002,2019-20,Mainland Rural,0,0,0,0,0,0,0,0,0,1,1,0,0,0,0.6931471806
0658-001-003,2019-20,Mainland Other Urban,0,0,0,0,0,0,0,1,0,3,0,0,0,0,1.386294361
0661-002-001,2019-20,Mainland Rural,1,1,0,1,0,0,0,0,1,1,0,0,0,0,1.609437912
0662-001-001,2019-20,Mainland Rural,0,0,0,0,0,0,0,1,0,0,0,0,0,1,0.6931471806
0662-002-001,2019-20,Mainland Rural,0,0,0,0,0,0,0,0,0,1,1,0,0,0,0.6931471806
0662-002-002,2019-20,Mainland Rural,0,1,1,1,0,1,1,0,0,2,0,1,1,0,2.197224577
0663-001-001,2019-20,Mainland Rural,0,1,1,1,0,0,0,1,0,1,0,1,1,0,1.945910149
0663-001-002,2019-20,Mainland Rural,0,1,0,0,0,0,0,0,1,1,0,0,0,0,1.098612289
0663-003-001,2019-20,Mainland Rural,0,1,0,1,0,0,0,0,1,1,0,0,0,0,1.386294361
0664-001-001,2019-20,Mainland Rural,2,0,1,1,1,0,1,0,0,1,1,0,0,0,2.079441542
0665-001-001,2019-20,Mainland Rural,0,1,0,0,2,0,0,0,0,1,1,0,0,0,1.609437912
0666-001-001,2019-20,Mainland Rural,0,0,0,0,0,0,0,1,0,0,0,0,1,1,1.098612289
0666-003-001,2019-20,Mainland Rural,1,1,0,0,0,0,0,0,1,1,0,0,0,0,1.386294361
0667-001-001,2019-20,Mainland Other Urban,0,0,0,0,1,1,0,1,0,0,1,1,0,0,1.609437912
0668-001-001,2019-20,Mainland Other Urban,0,0,0,1,0,0,0,1,0,1,0,1,0,0,1.386294361
0668-001-002,2019-20,Mainland Other Urban,0,1,0,0,0,0,0,0,0,1,0,0,0,0,0.6931471806
0668-002-001,2019-20,Mainland Other Urban,0,1,0,0,0,0,0,1,0,1,1,0,0,0,1.386294361
0669-001-001,2019-20,Mainland Rural,0,1,1,1,0,0,0,1,0,1,1,0,0,0,1.791759469
0671-001-001,2019-20,Mainland Other Urban,0,0,0,0,0,0,1,0,1,1,1,1,0,0,1.609437912
0671-003-001,2019-20,Mainland Other Urban,0,1,0,0,0,0,0,0,1,1,0,0,0,0,1.098612289
0672-001-001,2019-20,Mainland Rural,2,0,1,1,0,0,0,0,0,1,1,0,0,0,1.791759469
0674-001-001,2019-20,Mainland Other Urban,0,0,0,0,0,2,1,1,0,0,1,1,1,0,1.945910149
0675-001-001,2019-20,Mainland Other Urban,0,0,0,0,0,0,0,0,0,1,1,0,0,0,0.6931471806
0675-001-004,2019-20,Mainland Rural,0,1,0,1,0,0,0,0,2,1,0,0,0,0,1.609437912
0676-001-001,2019-20,Mainland Rural,0,0,0,0,0,0,1,1,1,1,0,1,1,0,1.791759469
0677-001-001,2019-20,Mainland Other Urban,0,0,0,1,0,0,0,0,0,0,1,1,0,0,1.098612289
0678-001-001,2019-20,Mainland Other Urban,0,0,0,0,1,0,0,0,0,1,0,0,0,1,1.098612289
0678-001-002,2019-20,Mainland Rural,1,0,1,1,0,0,0,0,1,1,0,0,0,0,1.609437912
0679-001-001,2019-20,Mainland Rural,0,0,0,1,0,0,0,0,1,1,0,0,0,0,1.098612289
0680-001-001,2019-20,Mainland Other Urban,0,0,0,0,0,0,0,0,0,0,0,1,0,0,0
0681-001-002,2019-20,Mainland Rural,0,0,0,0,1,0,0,0,0,0,0,0,0,1,0.6931471806
0682-001-002,2019-20,Mainland Other Urban,0,0,0,2,0,0,0,0,0,1,0,0,0,0,1.098612289
0683-001-001,2019-20,Mainland Other Urban,1,0,1,0,1,0,0,3,0,0,1,1,0,1,2.197224577
0683-001-009,2019-20,Mainland Rural,1,0,0,0,0,0,0,0,1,1,0,0,0,0,1.098612289
0683-002-002,2019-20,Mainland Other Urban,0,0,0,0,0,0,0,0,0,0,0,1,0,0,0
0684-001-002,2019-20,Mainland Rural,1,0,0,0,0,0,0,0,0,1,1,0,0,0,1.098612289
0684-001-004,2019-20,Mainland Other Urban,1,0,0,0,0,0,0,0,0,1,1,0,0,0,1.098612289
0684-005-001,2019-20,Mainland Rural,0,0,0,1,1,2,0,1,1,0,0,0,0,1,1.945910149
0684-005-002,2019-20,Mainland Other Urban,0,0,0,0,0,0,0,0,0,1,0,0,0,0,0
0685-001-001,2019-20,Mainland Rural,1,0,0,2,0,0,0,0,0,1,1,0,0,0,1.609437912
0686-001-001,2019-20,Dar Es Salaam,2,0,0,0,0,0,0,0,0,0,1,1,0,0,1.386294361
0687-001-001,2019-20,Mainland Other Urban,0,0,0,0,0,0,1,0,0,2,1,1,0,0,1.609437912
0687-001-004,2019-20,Mainland Other Urban,0,0,0,0,0,0,0,0,1,0,0,0,0,0,0
0687-006-001,2019-20,Mainland Other Urban,1,0,0,0,0,0,0,0,0,1,1,0,0,0,1.098612289
0687-006-002,2019-20,Mainland Other Urban,0,0,0,0,0,0,0,0,0,1,1,0,0,0,0.6931471806
0688-001-001,2019-20,Mainland Rural,2,0,1,1,0,0,0,0,0,0,1,1,0,0,1.791759469
0689-001-001,2019-20,Mainland Other Urban,0,1,0,1,0,0,2,0,1,0,1,1,0,0,1.945910149
0689-001-008,2019-20,Mainland Rural,0,0,0,0,0,0,1,1,1,0,0,1,0,0,1.386294361
0690-001-001,2019-20,Mainland Other Urban,0,0,1,0,0,0,0,0,0,1,1,0,0,0,1.098612289
0692-002-001,2019-20,Mainland Other Urban,1,1,1,0,0,0,0,0,0,0,1,1,0,0,1.609437912
0694-001-001,2019-20,Mainland Other Urban,1,0,0,1,1,1,1,0,0,1,1,1,0,0,2.079441542
0695-001-001,2019-20,Mainland Rural,1,0,0,0,0,0,0,0,1,0,0,1,1,1,1.609437912
0695-004-001,2019-20,Mainland Rural,0,0,0,2,1,2,1,0,0,0,0,1,0,1,2.079441542
0695-004-003,2019-20,Mainland Rural,0,0,1,1,0,0,0,0,1,1,0,0,0,0,1.386294361
0696-001-001,2019-20,Mainland Rural,0,0,0,0,0,0,0,0,0,0,0,0,0,1,0
0696-002-001,2019-20,Mainland Rural,1,0,1,0,0,0,0,0,0,0,1,1,0,0,1.386294361
0696-004-001,2019-20,Mainland Other Urban,0,0,3,0,0,0,0,0,0,1,0,0,1,0,1.609437912
0697-001-001,2019-20,Mainland Other Urban,0,0,0,0,0,0,0,1,1,0,0,1,1,0,1.386294361
0698-001-001,2019-20,Mainland Other Urban,0,0,1,1,1,0,1,1,0,0,0,1,1,0,1.945910149
0698-003-002,2019-20,Mainland Rural,1,0,1,0,0,0,0,0,0,1,0,0,0,1,1.386294361
0698-009-001,2019-20,Mainland Rural,0,1,2,0,1,0,0,0,0,1,1,0,0,0,1.791759469
0699-001-001,2019-20,Mainland Other Urban,0,0,0,0,0,0,0,1,1,0,0,1,0,0,1.098612289
0700-001-001,2019-20,Mainland Other Urban,0,0,0,0,0,0,0,3,0,0,1,1,0,0,1.609437912
0701-003-001,2019-20,Dar Es Salaam,0,1,0,1,0,0,0,0,0,0,1,1,0,0,1.386294361
0702-001-001,2019-20,Mainland Other Urban,0,0,0,0,1,1,0,1,0,0,1,1,0,0,1.609437912
0703-001-001,2019-20,Mainland Other Urban,0,0,0,0,1,0,0,0,0,0,0,0,1,1,1.098612289
0705-002-001,2019-20,Mainland Rural,1,0,0,0,1,1,0,2,1,1,0,0,1,1,2.197224577
0706-002-001,2019-20,Mainland Other Urban,0,0,0,0,0,1,1,0,0,0,1,1,0,0,1.386294361
0707-001-001,2019-20,Mainland Rural,0,2,0,2,1,1,1,1,0,1,0,1,0,1,2.397895273
0707-001-003,2019-20,Mainland Rural,0,0,0,0,0,0,0,0,0,1,0,0,0,0,0
0707-002-001,2019-20,Mainland Other Urban,0,0,0,0,0,0,0,0,1,0,0,0,0,0,0
0708-002-001,2019-20,Mainland Rural,0,0,0,0,0,0,0,0,0,0,0,1,1,0,0.6931471806
0709-001-001,2019-20,Mainland Other Urban,0,0,0,0,0,0,1,0,1,0,0,1,0,0,1.098612289
0709-001-002,2019-20,Mainland Other Urban,2,0,0,1,0,0,0,0,1,1,0,0,0,0,1.609437912
0710-001-001,2019-20,Mainland Rural,0,0,0,1,0,0,0,1,0,1,0,1,1,0,1.609437912
0710-003-001,2019-20,Mainland Rural,0,2,1,0,1,1,1,1,1,0,0,1,1,0,2.302585093
0710-003-003,2019-20,Mainland Rural,0,0,0,0,0,1,0,0,1,1,0,1,0,0,1.386294361
0710-004-001,2019-20,Mainland Rural,0,0,0,0,0,0,0,0,0,0,1,0,0,2,1.098612289
0711-001-003,2019-20,Mainland Other Urban,0,1,1,1,0,0,0,0,1,1,0,1,0,0,1.791759469
0714-001-002,2019-20,Mainland Rural,0,1,0,0,0,1,0,0,1,0,0,1,0,0,1.386294361
0715-001-001,2019-20,Mainland Other Urban,1,0,1,0,1,0,0,0,0,0,1,1,0,0,1.609437912
0715-004-001,2019-20,Mainland Other Urban,0,0,0,0,0,0,1,0,1,0,0,0,1,1,1.386294361
0717-001-001,2019-20,Mainland Rural,1,0,0,1,1,0,1,1,1,1,0,1,0,0,2.079441542
0718-001-001,2019-20,Mainland Rural,0,1,1,1,2,0,1,0,1,0,1,1,0,0,2.197224577
0718-003-001,2019-20,Mainland Rural,1,1,0,0,0,0,0,0,0,1,1,0,0,0,1.386294361
0718-010-001,2019-20,Mainland Rural,1,1,0,3,0,1,2,0,0,1,1,0,0,0,2.302585093
0719-001-001,2019-20,Mainland Other Urban,2,0,1,0,0,0,1,0,0,0,1,1,1,1,2.079441542
0720-001-001,2019-20,Mainland Rural,0,1,0,1,2,1,2,2,0,0,2,2,1,0,2.63905733
0720-001-011,2019-20,Mainland Rural,0,1,1,3,3,0,0,2,1,1,0,2,1,2,2.833213344
0720-010-001,2019-20,Mainland Rural,2,1,2,0,0,0,0,1,1,1,0,1,0,0,2.197224577
0720-010-006,2019-20,Mainland Rural,1,2,0,2,1,2,0,1,0,0,1,1,0,0,2.397895273
0720-015-001,2019-20,Mainland Rural,1,1,0,2,0,0,0,0,1,1,0,0,0,0,1.791759469
0720-015-003,2019-20,Mainland Rural,0,1,0,1,0,0,0,0,1,1,0,0,0,0,1.386294361
0720-015-004,2019-20,Mainland Rural,1,0,0,0,0,0,0,0,1,1,0,0,0,0,1.098612289
0721-002-001,2019-20,Mainland Other Urban,0,1,1,4,0,1,1,0,1,1,0,0,1,1,2.48490665
0722-001-001,2019-20,Mainland Rural,2,0,0,3,0,1,0,1,0,1,1,1,0,0,2.302585093
0723-001-001,2019-20,Mainland Rural,0,0,0,1,0,0,0,0,1,0,0,1,1,1,1.609437912
0724-001-001,2019-20,Mainland Rural,0,0,0,0,0,0,0,0,1,1,0,0,0,0,0.6931471806
0724-002-001,2019-20,Mainland Rural,0,2,0,0,0,1,1,1,0,1,0,0,0,1,1.945910149
0725-001-001,2019-20,Mainland Rural,0,1,1,1,0,1,0,1,0,1,1,1,0,0,2.079441542
0725-004-001,2019-20,Mainland Rural,1,0,1,0,0,0,0,0,1,1,0,0,0,0,1.386294361
0726-001-001,2019-20,Mainland Rural,0,2,1,1,0,0,0,0,0,1,1,0,0,0,1.791759469
0726-004-001,2019-20,Mainland Rural,0,0,0,0,0,1,0,0,0,0,2,1,0,0,1.386294361
0726-004-006,2019-20,Mainland Rural,0,0,0,0,0,0,0,1,1,0,0,0,0,0,0.6931471806
0727-001-001,2019-20,Mainland Rural,0,0,0,0,0,0,1,1,1,0,0,0,1,1,1.609437912
0729-001-002,2019-20,Mainland Rural,1,0,3,3,1,0,0,0,0,0,0,1,0,1,2.302585093
0729-003-001,2019-20,Mainland Rural,2,0,1,1,0,1,0,0,0,1,1,0,0,0,1.945910149
0729-004-001,2019-20,Mainland Rural,0,2,1,1,1,0,0,0,0,0,1,1,0,0,1.945910149
0731-001-001,2019-20,Mainland Rural,1,0,0,1,0,0,0,0,0,0,0,1,1,0,1.386294361
0731-001-003,2019-20,Mainland Rural,1,1,0,0,0,0,0,0,0,1,0,0,0,0,1.098612289
0732-001-001,2019-20,Mainland Rural,1,1,0,0,0,1,0,0,0,0,0,1,0,0,1.386294361
0733-001-001,2019-20,Mainland Rural,1,1,2,0,2,1,0,0,0,1,1,0,0,0,2.197224577
0734-001-001,2019-20,Mainland Rural,0,1,0,2,0,2,0,0,0,0,1,1,0,0,1.945910149
0736-001-001,2019-20,Mainland Other Urban,0,0,0,0,0,0,2,0,2,1,1,1,1,0,2.079441542
0736-003-001,2019-20,Mainland Rural,1,1,2,1,1,1,2,0,1,3,0,0,1,1,2.708050201
0736-003-003,2019-20,Mainland Rural,0,1,0,1,0,0,0,1,0,1,1,0,0,0,1.609437912
0736-003-004,2019-20,Mainland Rural,0,1,0,0,0,0,0,0,1,1,0,0,0,0,1.098612289
0736-003-005,2019-20,Mainland Rural,0,0,1,0,0,0,0,0,1,1,0,0,0,0,1.098612289
0736-003-006,2019-20,Mainland Rural,0,2,0,0,0,0,0,0,1,1,0,0,0,0,1.386294361
0737-001-001,2019-20,Mainland Rural,1,1,0,1,2,0,0,0,0,0,0,1,1,0,1.945910149
0738-001-001,2019-20,Mainland Rural,1,1,0,1,1,0,0,0,0,0,1,1,0,0,1.791759469
0739-001-001,2019-20,Mainland Rural,0,0,0,0,0,1,1,0,0,0,0,0,1,1,1.386294361
0740-001-001,2019-20,Mainland Rural,1,3,0,1,1,1,0,0,1,1,1,1,0,0,2.397895273
0740-003-001,2019-20,Mainland Other Urban,0,2,1,0,0,0,0,0,1,1,0,0,0,1,1.791759469
0741-001-001,2019-20,Mainland Rural,0,1,1,0,2,0,0,1,0,0,0,1,1,0,1.945910149
0741-001-004,2019-20,Mainland Rural,0,1,0,0,0,0,0,0,0,1,1,0,0,0,1.098612289
0742-001-001,2019-20,Mainland Rural,0,0,1,0,1,0,0,2,1,0,0,1,2,1,2.197224577
0742-006-001,2019-20,Mainland Rural,1,1,0,1,0,0,0,0,0,1,1,0,0,0,1.609437912
0742-006-003,2019-20,Mainland Other Urban,0,0,0,0,0,3,1,1,1,1,0,0,1,1,2.197224577
0743-001-001,2019-20,Mainland Rural,1,1,0,1,0,2,0,0,0,1,1,0,0,0,1.945910149
0743-001-002,2019-20,Mainland Rural,1,0,0,0,0,0,0,0,1,1,0,0,0,0,1.098612289
0744-001-001,2019-20,Mainland Rural,0,0,0,1,0,1,0,0,0,0,0,0,1,1,1.386294361
0744-003-001,2019-20,Mainland Other Urban,0,0,0,0,0,0,0,0,1,1,0,0,0,0,0.6931471806
0744-005-002,2019-20,Mainland Rural,0,2,0,1,0,1,1,0,0,0,0,1,0,1,1.945910149
0745-001-001,2019-20,Mainland Rural,0,2,0,0,3,0,1,1,1,1,0,1,1,0,2.397895273
0746-001-001,2019-20,Mainland Rural,0,2,0,2,1,1,0,0,0,1,0,0,1,1,2.197224577
0747-001-001,2019-20,Mainland Rural,0,0,0,1,0,2,0,0,0,0,1,1,0,0,1.609437912
0748-001-001,2019-20,Mainland Rural,0,0,2,0,1,0,0,1,0,0,1,0,1,1,1.945910149
0748-006-001,2019-20,Mainland Rural,1,1,1,1,1,0,1,0,0,1,1,0,0,1,2.197224577
0749-001-001,2019-20,Mainland Other Urban,0,0,1,0,0,1,0,1,0,0,1,1,0,0,1.609437912
0749-002-001,2019-20,Mainland Other Urban,0,0,1,0,0,0,0,0,0,0,0,1,0,0,0.6931471806
0749-003-001,2019-20,Mainland Rural,0,0,1,0,0,1,0,0,1,1,1,0,0,0,1.609437912
0750-001-001,2019-20,Mainland Rural,0,1,1,0,0,0,0,0,1,1,0,0,0,0,1.386294361
0751-001-001,2019-20,Mainland Rural,0,0,0,0,0,1,2,0,0,0,0,1,0,1,1.609437912
0751-001-002,2019-20,Mainland Rural,0,2,1,1,1,0,0,0,0,2,1,0,0,0,2.079441542
0751-001-009,2019-20,Mainland Rural,1,0,0,0,0,0,0,0,1,1,0,0,0,0,1.098612289
0752-001-001,2019-20,Mainland Rural,1,3,6,1,3,3,0,0,2,2,0,1,1,1,3.17805383
0752-004-001,2019-20,Mainland Rural,4,3,4,2,2,1,2,0,0,0,1,3,0,0,3.091042453
0752-004-004,2019-20,Mainland Other Urban,0,0,0,0,0,0,0,0,1,1,0,0,0,0,0.6931471806
0752-004-005,2019-20,Mainland Rural,1,0,0,3,1,0,0,1,3,1,0,1,1,0,2.48490665
0752-021-001,2019-20,Mainland Rural,1,0,1,0,1,2,0,0,0,1,0,0,0,1,1.945910149
0753-001-001,2019-20,Mainland Rural,0,0,1,0,0,1,0,0,0,1,1,0,0,0,1.386294361
0754-001-001,2019-20,Mainland Rural,1,0,1,0,0,1,0,2,2,0,1,1,0,0,2.197224577
0755-001-001,2019-20,Mainland Rural,0,0,0,1,1,1,2,0,0,0,1,1,0,0,1.945910149
0756-001-001,2019-20,Mainland Rural,2,1,0,0,3,0,1,1,1,0,1,1,0,0,2.397895273
0756-001-003,2019-20,Mainland Rural,1,1,0,0,0,0,0,1,1,0,0,0,0,0,1.386294361
0757-001-001,2019-20,Mainland Rural,0,1,1,1,0,1,0,1,0,1,1,0,0,0,1.945910149
0758-001-001,2019-20,Mainland Rural,0,0,0,0,1,0,0,3,1,0,0,1,1,0,1.945910149
0759-001-001,2019-20,Mainland Rural,0,2,1,0,0,2,0,0,0,0,1,1,0,0,1.945910149
0761-001-001,2019-20,Zanzibar,0,1,0,2,0,0,0,0,0,1,1,0,0,0,1.609437912
0762-001-001,2019-20,Zanzibar,0,1,0,1,2,0,0,1,1,0,1,0,0,1,2.079441542
0767-001-001,2019-20,Zanzibar,1,1,0,0,0,0,0,0,0,0,1,1,0,0,1.386294361
0768-001-001,2019-20,Zanzibar,1,0,1,0,0,0,0,0,1,1,1,0,0,1,1.791759469
0768-001-002,2019-20,Zanzibar,2,0,1,1,0,1,0,1,1,2,0,1,1,0,2.397895273
0768-001-004,2019-20,Zanzibar,0,2,0,0,0,0,0,0,1,1,0,0,0,0,1.386294361
0768-001-011,2019-20,Zanzibar,0,1,0,0,0,0,0,0,0,1,1,0,0,0,1.098612289
0769-001-001,2019-20,Zanzibar,0,2,1,1,0,0,0,0,1,1,0,0,0,0,1.791759469
0770-001-001,2019-20,Zanzibar,1,0,0,1,0,0,0,0,0,1,1,0,0,0,1.386294361
0771-001-001,2019-20,Zanzibar,2,0,1,1,0,2,0,2,0,1,1,1,0,0,2.397895273
0772-001-002,2019-20,Zanzibar,0,1,0,0,0,0,0,0,1,1,0,0,0,0,1.098612289
0772-002-001,2019-20,Zanzibar,0,0,2,0,0,0,0,0,0,0,0,0,0,1,1.098612289
0772-002-003,2019-20,Zanzibar,1,0,1,0,0,0,0,0,0,1,1,0,0,0,1.386294361
0772-002-004,2019-20,Zanzibar,1,1,0,1,0,0,0,0,0,1,1,0,0,0,1.609437912
0773-001-001,2019-20,Zanzibar,0,0,0,0,0,1,0,0,1,1,1,0,0,1,1.609437912
0773-001-003,2019-20,Zanzibar,0,0,0,0,0,0,0,0,0,1,1,0,0,0,0.6931471806
0775-001-001,2019-20,Zanzibar,0,1,1,0,1,0,0,1,0,1,0,0,0,1,1.791759469
0776-001-001,2019-20,Zanzibar,0,1,0,1,0,3,1,0,2,1,1,0,0,0,2.302585093
0776-001-005,2019-20,Zanzibar,1,0,1,0,0,0,0,0,0,1,0,0,0,0,1.098612289
0777-001-001,2019-20,Zanzibar,0,1,1,2,0,0,0,0,0,0,1,1,0,0,1.791759469
0778-001-001,2019-20,Zanzibar,0,0,0,2,1,1,0,0,0,1,0,1,1,0,1.945910149
0780-001-001,2019-20,Zanzibar,0,1,1,0,0,2,1,0,1,0,0,1,0,0,1.945910149
0781-001-001,2019-20,Zanzibar,1,0,0,0,0,0,0,0,1,3,0,0,1,0,1.791759469
0783-001-001,2019-20,Zanzibar,0,0,0,1,0,0,0,0,1,1,0,1,1,0,1.609437912
0783-001-004,2019-20,Zanzibar,0,1,0,0,0,0,0,0,1,1,0,0,0,0,1.098612289
0783-001-006,2019-20,Zanzibar,0,0,0,0,0,0,0,0,1,1,0,0,0,0,0.6931471806
0785-001-001,2019-20,Zanzibar,0,0,0,0,1,0,1,0,0,1,0,0,1,2,1.791759469
0785-001-004,2019-20,Zanzibar,0,0,0,0,0,0,0,0,0,0,1,0,0,0,0
0785-001-005,2019-20,Zanzibar,0,0,0,0,0,0,0,0,0,1,1,0,0,0,0.6931471806
0785-001-006,2019-20,Zanzibar,0,1,0,0,0,0,0,0,0,1,1,0,0,0,1.098612289
0785-008-001,2019-20,Zanzibar,0,0,0,0,0,0,0,0,0,1,1,0,0,0,0.6931471806
0785-008-002,2019-20,Zanzibar,0,2,1,0,0,0,2,0,0,1,0,1,0,0,1.945910149
0786-002-001,2019-20,Zanzibar,0,0,1,0,2,0,1,0,0,0,1,1,0,1,1.945910149
0787-001-001,2019-20,Zanzibar,0,1,0,0,0,1,1,0,0,1,0,1,1,0,1.791759469
0788-001-001,2019-20,Zanzibar,1,0,0,0,0,0,0,0,0,0,1,1,0,0,1.098612289
0789-001-001,2019-20,Zanzibar,0,0,0,1,1,1,1,0,1,0,0,1,0,1,1.945910149
0789-001-003,2019-20,Zanzibar,1,0,0,0,0,0,0,0,1,1,0,0,0,0,1.098612289
0789-001-005,2019-20,Zanzibar,0,0,0,0,0,0,0,0,0,0,0,1,1,0,0.6931471806
0789-001-006,2019-20,Zanzibar,0,0,0,0,0,0,0,0,0,0,1,0,0,0,0
0789-001-007,2019-20,Zanzibar,1,0,0,0,0,0,0,0,0,1,1,0,0,0,1.098612289
0790-001-001,2019-20,Zanzibar,0,0,0,0,1,0,0,0,0,0,0,0,0,1,0.6931471806
0791-001-001,2019-20,Zanzibar,0,0,1,0,0,1,1,1,1,0,1,1,0,0,1.945910149
0792-002-002,2019-20,Zanzibar,0,0,0,0,0,0,0,0,2,0,1,0,0,0,1.098612289
0792-002-003,2019-20,Zanzibar,1,0,1,0,0,0,0,1,0,0,1,1,0,0,1.609437912
0793-001-001,2019-20,Zanzibar,0,1,1,0,0,1,0,0,0,0,1,1,0,0,1.609437912
0794-001-001,2019-20,Zanzibar,0,0,0,0,0,1,0,0,0,3,0,0,0,2,1.791759469
0796-001-002,2019-20,Zanzibar,0,0,0,2,0,0,0,0,1,0,0,2,0,1,1.791759469
0797-001-001,2019-20,Zanzibar,1,0,0,0,2,0,0,2,1,4,1,1,1,0,2.564949357
0797-001-007,2019-20,Zanzibar,0,1,0,0,0,0,0,0,0,1,1,0,0,0,1.098612289
0797-002-002,2019-20,Zanzibar,0,0,0,2,0,2,1,0,0,0,0,2,0,1,2.079441542
0798-001-001,2019-20,Zanzibar,0,0,0,0,0,1,1,0,2,1,0,0,1,1,1.945910149
0800-001-001,2019-20,Zanzibar,1,0,0,0,0,0,1,1,0,1,0,0,0,1,1.609437912
0800-001-002,2019-20,Zanzibar,1,0,0,0,0,0,0,0,0,1,1,0,0,0,1.098612289
0802-001-001,2019-20,Zanzibar,0,0,0,0,0,0,0,0,0,1,1,0,1,1,1.386294361
0803-001-002,2019-20,Zanzibar,0,0,0,0,0,1,0,0,4,1,2,0,0,1,2.197224577
0803-001-010,2019-20,Zanzibar,0,0,0,0,0,0,0,0,1,1,0,0,0,0,0.6931471806
0806-001-001,2019-20,Zanzibar,0,0,0,0,0,0,0,1,1,0,1,0,1,0,1.386294361
0809-001-001,2019-20,Zanzibar,0,0,0,0,0,0,2,0,2,1,0,1,1,0,1.945910149
0809-001-008,2019-20,Dar Es Salaam,0,0,0,0,0,0,0,0,1,1,0,0,0,0,0.6931471806
0810-001-001,2019-20,Zanzibar,0,0,0,0,0,0,0,0,1,1,0,0,1,1,1.386294361
0810-001-004,2019-20,Zanzibar,0,1,0,0,0,0,0,0,0,1,1,0,0,0,1.098612289
0813-001-001,2019-20,Zanzibar,0,0,0,0,0,1,0,0,2,0,0,0,1,1,1.609437912
0813-006-001,2019-20,Zanzibar,0,0,1,0,0,0,0,0,0,1,1,1,0,0,1.386294361
0816-001-001,2019-20,Zanzibar,0,0,0,0,0,0,0,0,1,1,0,0,1,1,1.386294361
0816-003-001,2019-20,Zanzibar,1,1,0,1,0,0,0,0,0,1,1,0,0,0,1.609437912
0816-003-002,2019-20,Zanzibar,0,1,1,0,1,0,0,0,1,0,0,1,1,1,1.945910149
0816-004-001,2019-20,Zanzibar,1,0,0,0,0,0,0,0,1,1,0,0,0,0,1.098612289
0816-005-001,2019-20,Zanzibar,1,1,0,0,0,1,0,0,2,3,0,0,0,1,2.197224577
0817-001-001,2019-20,Zanzibar,0,0,0,0,2,0,0,1,0,2,2,1,1,0,2.197224577
0817-001-007,2019-20,Zanzibar,0,0,0,0,0,0,0,0,1,1,0,0,0,0,0.6931471806
0817-009-001,2019-20,Zanzibar,1,0,1,0,0,0,0,0,0,0,1,1,0,0,1.386294361
0820-001-002,2019-20,Zanzibar,0,0,0,0,0,0,0,0,0,1,0,1,0,1,1.098612289
0820-001-003,2019-20,Zanzibar,1,0,0,0,0,0,0,0,1,0,2,2,0,0,1.791759469
0820-001-009,2019-20,Zanzibar,0,0,0,0,0,0,0,0,1,1,0,0,0,0,0.6931471806
0822-001-001,2019-20,Zanzibar,2,0,0,0,0,0,1,0,0,1,1,0,0,0,1.609437912
0824-001-001,2019-20,Zanzibar,0,1,0,1,0,0,1,0,0,2,0,0,1,1,1.945910149
0824-001-003,2019-20,Zanzibar,0,1,0,0,0,0,0,0,0,1,1,0,0,0,1.098612289
0824-001-006,2019-20,Zanzibar,1,1,0,0,0,0,0,0,1,1,0,0,0,0,1.386294361
0824-006-001,2019-20,Zanzibar,0,0,0,0,0,0,0,0,0,0,1,0,0,0,0
0827-001-002,2019-20,Zanzibar,1,0,0,3,0,0,0,0,0,1,1,0,0,1,1.945910149
0828-001-001,2019-20,Zanzibar,0,0,1,0,0,2,1,0,0,0,0,1,1,1,1.945910149
0828-001-002,2019-20,Zanzibar,1,1,0,1,0,2,0,0,0,1,1,0,0,0,1.945910149
0829-001-001,2019-20,Zanzibar,0,0,1,1,0,2,0,0,0,0,1,1,0,0,1.791759469
0830-001-001,2019-20,Zanzibar,1,1,0,0,0,0,1,1,2,1,0,0,1,1,2.197224577
0831-001-001,2019-20,Zanzibar,0,0,0,0,0,0,0,0,1,0,1,0,1,1,1.386294361
0834-001-001,2019-20,Zanzibar,0,2,2,0,0,2,2,0,0,0,1,1,0,0,2.302585093
0835-001-001,2019-20,Zanzibar,3,1,1,1,0,0,0,2,2,2,0,0,0,0,2.48490665
0836-001-001,2019-20,Zanzibar,0,1,0,1,0,0,0,0,5,2,0,0,1,1,2.397895273
0836-001-002,2019-20,Zanzibar,0,0,0,0,0,0,0,1,0,1,1,0,0,0,1.098612289
0839-001-002,2019-20,Zanzibar,0,1,0,0,0,1,1,1,2,1,0,0,0,1,2.079441542
0839-001-003,2019-20,Zanzibar,0,0,0,0,0,0,0,0,1,1,0,0,0,0,0.6931471806
0839-002-001,2019-20,Zanzibar,0,0,0,0,0,1,0,0,0,0,0,0,0,1,0.6931471806
0840-001-002,2019-20,Zanzibar,0,0,2,0,0,0,0,0,0,1,1,0,0,0,1.386294361
0840-001-003,2019-20,Zanzibar,0,0,0,0,0,0,1,2,2,0,0,1,1,0,1.945910149
0841-001-001,2019-20,Zanzibar,0,0,0,2,0,0,1,1,2,1,1,1,1,0,2.302585093
0842-001-001,2019-20,Zanzibar,0,0,1,0,0,0,0,1,0,0,0,1,1,1,1.609437912
0843-001-001,2019-20,Zanzibar,1,0,0,1,0,0,0,0,3,1,0,0,0,1,1.945910149
0844-001-001,2019-20,Zanzibar,0,0,0,0,0,0,1,0,0,0,0,1,0,0,0.6931471806
0844-001-002,2019-20,Zanzibar,0,0,0,0,0,2,0,0,0,0,0,1,0,0,1.098612289
0844-004-001,2019-20,Zanzibar,0,1,0,1,1,1,0,0,0,1,2,1,1,0,2.197224577
0844-004-004,2019-20,Zanzibar,0,1,2,0,0,0,1,1,1,2,0,0,0,2,2.302585093
0846-001-001,2019-20,Zanzibar,0,1,0,1,0,0,1,0,0,2,1,1,0,0,1.945910149
0847-001-001,2019-20,Zanzibar,2,0,0,1,1,0,0,0,1,1,1,0,0,2,2.197224577
0847-001-003,2019-20,Zanzibar,1,1,0,0,0,0,0,0,0,1,1,0,0,0,1.386294361
0847-004-001,2019-20,Zanzibar,1,1,0,1,0,0,0,0,0,1,1,0,0,0,1.609437912
0848-001-001,2019-20,Zanzibar,0,0,1,0,0,0,1,0,0,0,0,0,1,1,1.386294361
0848-001-003,2019-20,Zanzibar,0,0,0,0,0,0,0,0,0,1,1,0,0,0,0.6931471806
0848-001-004,2019-20,Zanzibar,1,1,1,0,0,0,0,1,1,1,0,0,0,0,1.791759469
0848-001-005,2019-20,Zanzibar,1,1,1,0,0,0,0,0,0,1,1,0,0,0,1.609437912
0848-001-006,2019-20,Zanzibar,0,0,0,0,0,0,0,0,1,1,0,0,0,0,0.6931471806
0849-001-001,2019-20,Zanzibar,0,2,1,0,0,0,0,0,0,1,0,0,1,0,1.609437912
0850-001-002,2019-20,Zanzibar,0,2,0,1,1,0,0,0,0,1,0,0,0,1,1.791759469
0850-001-003,2019-20,Zanzibar,0,0,1,0,1,2,2,1,1,0,1,1,0,0,2.302585093
0851-001-001,2019-20,Zanzibar,0,0,0,0,0,1,0,1,0,0,1,1,0,0,1.386294361
0852-001-001,2019-20,Zanzibar,0,0,0,1,1,0,1,0,0,0,0,1,1,0,1.609437912
0852-001-002,2019-20,Zanzibar,0,0,0,0,0,0,0,0,0,0,1,1,0,1,1.098612289
0854-001-001,2019-20,Zanzibar,0,2,1,0,0,1,0,0,1,0,0,1,1,1,2.079441542
0855-001-001,2019-20,Zanzibar,1,0,0,0,2,0,0,0,1,0,1,1,0,1,1.945910149
0856-001-001,2019-20,Zanzibar,1,0,0,0,0,1,1,0,3,2,0,0,1,2,2.397895273
0856-001-003,2019-20,Zanzibar,1,1,0,1,0,1,0,0,0,1,1,0,0,1,1.945910149
0857-001-001,2019-20,Zanzibar,1,1,0,1,0,0,0,0,0,2,2,0,1,0,2.079441542
0858-001-001,2019-20,Dar Es Salaam,0,0,0,0,0,0,0,1,0,0,1,1,0,0,1.098612289
0858-001-002,2019-20,Dar Es Salaam,0,0,0,0,3,1,0,0,1,1,2,1,0,0,2.197224577
0860-001-001,2019-20,Zanzibar,0,0,0,0,0,0,0,0,0,0,0,0,0,1,0